--------------------------------------------------------
--  파일이 생성됨 - 수요일-12월-21-2016   
--------------------------------------------------------
--------------------------------------------------------
--  DDL for Table ADMIN_INFO
--------------------------------------------------------

  CREATE TABLE "PROJECT"."ADMIN_INFO" 
   (	"ADMIN_ID" VARCHAR2(20 BYTE), 
	"ADMIN_PASSWORD" VARCHAR2(18 BYTE)
   ) SEGMENT CREATION IMMEDIATE 
  PCTFREE 10 PCTUSED 40 INITRANS 1 MAXTRANS 255 NOCOMPRESS LOGGING
  STORAGE(INITIAL 65536 NEXT 1048576 MINEXTENTS 1 MAXEXTENTS 2147483645
  PCTINCREASE 0 FREELISTS 1 FREELIST GROUPS 1 BUFFER_POOL DEFAULT FLASH_CACHE DEFAULT CELL_FLASH_CACHE DEFAULT)
  TABLESPACE "USERS" ;
 

   COMMENT ON COLUMN "PROJECT"."ADMIN_INFO"."ADMIN_ID" IS '관리자id';
 
   COMMENT ON COLUMN "PROJECT"."ADMIN_INFO"."ADMIN_PASSWORD" IS '관리자패스워드';
 
   COMMENT ON TABLE "PROJECT"."ADMIN_INFO"  IS '관리자';
--------------------------------------------------------
--  DDL for Table BOOKING_INFO
--------------------------------------------------------

  CREATE TABLE "PROJECT"."BOOKING_INFO" 
   (	"BOOKING_ID" VARCHAR2(20 BYTE), 
	"BOOKING_SEAT" VARCHAR2(9 BYTE), 
	"USER_ID" VARCHAR2(20 BYTE), 
	"NO_U_ID" VARCHAR2(20 BYTE), 
	"SHOW_ID" VARCHAR2(20 BYTE), 
	"BOOKING_DATE" VARCHAR2(8 BYTE)
   ) SEGMENT CREATION IMMEDIATE 
  PCTFREE 10 PCTUSED 40 INITRANS 1 MAXTRANS 255 NOCOMPRESS LOGGING
  STORAGE(INITIAL 65536 NEXT 1048576 MINEXTENTS 1 MAXEXTENTS 2147483645
  PCTINCREASE 0 FREELISTS 1 FREELIST GROUPS 1 BUFFER_POOL DEFAULT FLASH_CACHE DEFAULT CELL_FLASH_CACHE DEFAULT)
  TABLESPACE "USERS" ;
 

   COMMENT ON COLUMN "PROJECT"."BOOKING_INFO"."BOOKING_ID" IS '예매id';
 
   COMMENT ON COLUMN "PROJECT"."BOOKING_INFO"."BOOKING_SEAT" IS '좌석';
 
   COMMENT ON COLUMN "PROJECT"."BOOKING_INFO"."USER_ID" IS '회원id';
 
   COMMENT ON COLUMN "PROJECT"."BOOKING_INFO"."NO_U_ID" IS '비회원id';
 
   COMMENT ON COLUMN "PROJECT"."BOOKING_INFO"."SHOW_ID" IS '상영id';
 
   COMMENT ON COLUMN "PROJECT"."BOOKING_INFO"."BOOKING_DATE" IS '예매일자';
 
   COMMENT ON TABLE "PROJECT"."BOOKING_INFO"  IS '예매내역정보';
--------------------------------------------------------
--  DDL for Table CINEMA_INFO
--------------------------------------------------------

  CREATE TABLE "PROJECT"."CINEMA_INFO" 
   (	"CINEMA_ID" VARCHAR2(20 BYTE), 
	"THEATER_ID" VARCHAR2(20 BYTE), 
	"CINEMA_NM" VARCHAR2(50 BYTE), 
	"CINEMA_TYPE_ID" VARCHAR2(20 BYTE), 
	"CINEMA_SEAT_NUM" NUMBER, 
	"CINEMA_FLOOR_NO" NUMBER
   ) SEGMENT CREATION IMMEDIATE 
  PCTFREE 10 PCTUSED 40 INITRANS 1 MAXTRANS 255 NOCOMPRESS LOGGING
  STORAGE(INITIAL 65536 NEXT 1048576 MINEXTENTS 1 MAXEXTENTS 2147483645
  PCTINCREASE 0 FREELISTS 1 FREELIST GROUPS 1 BUFFER_POOL DEFAULT FLASH_CACHE DEFAULT CELL_FLASH_CACHE DEFAULT)
  TABLESPACE "USERS" ;
 

   COMMENT ON COLUMN "PROJECT"."CINEMA_INFO"."CINEMA_ID" IS '상영관id';
 
   COMMENT ON COLUMN "PROJECT"."CINEMA_INFO"."THEATER_ID" IS '극장id';
 
   COMMENT ON COLUMN "PROJECT"."CINEMA_INFO"."CINEMA_NM" IS '상영관명';
 
   COMMENT ON COLUMN "PROJECT"."CINEMA_INFO"."CINEMA_TYPE_ID" IS '상영관종류id';
 
   COMMENT ON COLUMN "PROJECT"."CINEMA_INFO"."CINEMA_SEAT_NUM" IS '총좌석수';
 
   COMMENT ON COLUMN "PROJECT"."CINEMA_INFO"."CINEMA_FLOOR_NO" IS '층수';
 
   COMMENT ON TABLE "PROJECT"."CINEMA_INFO"  IS '상영관정보';
--------------------------------------------------------
--  DDL for Table CINEMA_TYPE
--------------------------------------------------------

  CREATE TABLE "PROJECT"."CINEMA_TYPE" 
   (	"CINEMA_TYPE_ID" VARCHAR2(20 BYTE), 
	"CINEMA_TYPE_NM" VARCHAR2(50 BYTE), 
	"CINEMA_TYPE_PRICE" NUMBER
   ) SEGMENT CREATION IMMEDIATE 
  PCTFREE 10 PCTUSED 40 INITRANS 1 MAXTRANS 255 NOCOMPRESS LOGGING
  STORAGE(INITIAL 65536 NEXT 1048576 MINEXTENTS 1 MAXEXTENTS 2147483645
  PCTINCREASE 0 FREELISTS 1 FREELIST GROUPS 1 BUFFER_POOL DEFAULT FLASH_CACHE DEFAULT CELL_FLASH_CACHE DEFAULT)
  TABLESPACE "USERS" ;
 

   COMMENT ON COLUMN "PROJECT"."CINEMA_TYPE"."CINEMA_TYPE_ID" IS '상영관종류id';
 
   COMMENT ON COLUMN "PROJECT"."CINEMA_TYPE"."CINEMA_TYPE_NM" IS '상영관명';
 
   COMMENT ON COLUMN "PROJECT"."CINEMA_TYPE"."CINEMA_TYPE_PRICE" IS '상영관별가격';
 
   COMMENT ON TABLE "PROJECT"."CINEMA_TYPE"  IS '상영관종류';
--------------------------------------------------------
--  DDL for Table CODE_INFO
--------------------------------------------------------

  CREATE TABLE "PROJECT"."CODE_INFO" 
   (	"MAIN_CODE" VARCHAR2(20 BYTE), 
	"SUB_CODE" VARCHAR2(20 BYTE), 
	"MAIN_CODE_NM" VARCHAR2(50 BYTE), 
	"SUB_CODE_NM" VARCHAR2(50 BYTE), 
	"USE_YN" VARCHAR2(5 BYTE)
   ) SEGMENT CREATION IMMEDIATE 
  PCTFREE 10 PCTUSED 40 INITRANS 1 MAXTRANS 255 NOCOMPRESS LOGGING
  STORAGE(INITIAL 65536 NEXT 1048576 MINEXTENTS 1 MAXEXTENTS 2147483645
  PCTINCREASE 0 FREELISTS 1 FREELIST GROUPS 1 BUFFER_POOL DEFAULT FLASH_CACHE DEFAULT CELL_FLASH_CACHE DEFAULT)
  TABLESPACE "USERS" ;
 

   COMMENT ON COLUMN "PROJECT"."CODE_INFO"."MAIN_CODE" IS '메인코드';
 
   COMMENT ON COLUMN "PROJECT"."CODE_INFO"."SUB_CODE" IS '서브코드';
 
   COMMENT ON COLUMN "PROJECT"."CODE_INFO"."MAIN_CODE_NM" IS '메인코드명';
 
   COMMENT ON COLUMN "PROJECT"."CODE_INFO"."SUB_CODE_NM" IS '서브코드명';
 
   COMMENT ON COLUMN "PROJECT"."CODE_INFO"."USE_YN" IS '사용여부';
 
   COMMENT ON TABLE "PROJECT"."CODE_INFO"  IS '코드정보';
--------------------------------------------------------
--  DDL for Table DISCNT_SYS
--------------------------------------------------------

  CREATE TABLE "PROJECT"."DISCNT_SYS" 
   (	"USER_RATING" NUMBER, 
	"DISCOUNT_RATE" NUMBER
   ) SEGMENT CREATION IMMEDIATE 
  PCTFREE 10 PCTUSED 40 INITRANS 1 MAXTRANS 255 NOCOMPRESS LOGGING
  STORAGE(INITIAL 65536 NEXT 1048576 MINEXTENTS 1 MAXEXTENTS 2147483645
  PCTINCREASE 0 FREELISTS 1 FREELIST GROUPS 1 BUFFER_POOL DEFAULT FLASH_CACHE DEFAULT CELL_FLASH_CACHE DEFAULT)
  TABLESPACE "USERS" ;
 

   COMMENT ON COLUMN "PROJECT"."DISCNT_SYS"."USER_RATING" IS '등급';
 
   COMMENT ON COLUMN "PROJECT"."DISCNT_SYS"."DISCOUNT_RATE" IS '할인율';
 
   COMMENT ON TABLE "PROJECT"."DISCNT_SYS"  IS '할인체계';
--------------------------------------------------------
--  DDL for Table IDS
--------------------------------------------------------

  CREATE TABLE "PROJECT"."IDS" 
   (	"TABLE_NAME" VARCHAR2(50 BYTE), 
	"NEXT_ID" NUMBER
   ) SEGMENT CREATION IMMEDIATE 
  PCTFREE 10 PCTUSED 40 INITRANS 1 MAXTRANS 255 NOCOMPRESS LOGGING
  STORAGE(INITIAL 65536 NEXT 1048576 MINEXTENTS 1 MAXEXTENTS 2147483645
  PCTINCREASE 0 FREELISTS 1 FREELIST GROUPS 1 BUFFER_POOL DEFAULT FLASH_CACHE DEFAULT CELL_FLASH_CACHE DEFAULT)
  TABLESPACE "USERS" ;
 

   COMMENT ON COLUMN "PROJECT"."IDS"."TABLE_NAME" IS '테이블이름';
 
   COMMENT ON COLUMN "PROJECT"."IDS"."NEXT_ID" IS '다음아이디번호';
 
   COMMENT ON TABLE "PROJECT"."IDS"  IS '아이디생성';
--------------------------------------------------------
--  DDL for Table MOVIE_INFO
--------------------------------------------------------

  CREATE TABLE "PROJECT"."MOVIE_INFO" 
   (	"MOVIE_ID" VARCHAR2(20 BYTE), 
	"MOVIE_NM" VARCHAR2(50 BYTE), 
	"MOVIE_INTRO" VARCHAR2(4000 BYTE), 
	"MOVIE_ACTOR" VARCHAR2(50 BYTE), 
	"MOVIE_DIRECTOR" VARCHAR2(50 BYTE), 
	"MOVIE_GENRE1" VARCHAR2(50 BYTE), 
	"MOVIE_GENRE2" VARCHAR2(50 BYTE), 
	"MOVIE_GENRE3" VARCHAR2(50 BYTE), 
	"MOVIE_RELEASE_DATE" VARCHAR2(10 BYTE), 
	"MOVIE_SHOWING_YN" VARCHAR2(20 BYTE), 
	"MOVIE_RATING" VARCHAR2(20 BYTE), 
	"MOVIE_SHOWING_TIME" VARCHAR2(10 BYTE), 
	"MOVIE_NATION" VARCHAR2(50 BYTE)
   ) SEGMENT CREATION IMMEDIATE 
  PCTFREE 10 PCTUSED 40 INITRANS 1 MAXTRANS 255 NOCOMPRESS LOGGING
  STORAGE(INITIAL 65536 NEXT 1048576 MINEXTENTS 1 MAXEXTENTS 2147483645
  PCTINCREASE 0 FREELISTS 1 FREELIST GROUPS 1 BUFFER_POOL DEFAULT FLASH_CACHE DEFAULT CELL_FLASH_CACHE DEFAULT)
  TABLESPACE "USERS" ;
 

   COMMENT ON COLUMN "PROJECT"."MOVIE_INFO"."MOVIE_ID" IS '영화id';
 
   COMMENT ON COLUMN "PROJECT"."MOVIE_INFO"."MOVIE_NM" IS '영화명';
 
   COMMENT ON COLUMN "PROJECT"."MOVIE_INFO"."MOVIE_INTRO" IS '소개';
 
   COMMENT ON COLUMN "PROJECT"."MOVIE_INFO"."MOVIE_ACTOR" IS '배우';
 
   COMMENT ON COLUMN "PROJECT"."MOVIE_INFO"."MOVIE_DIRECTOR" IS '감독';
 
   COMMENT ON COLUMN "PROJECT"."MOVIE_INFO"."MOVIE_GENRE1" IS '장르1';
 
   COMMENT ON COLUMN "PROJECT"."MOVIE_INFO"."MOVIE_GENRE2" IS '장르2';
 
   COMMENT ON COLUMN "PROJECT"."MOVIE_INFO"."MOVIE_GENRE3" IS '장르3';
 
   COMMENT ON COLUMN "PROJECT"."MOVIE_INFO"."MOVIE_RELEASE_DATE" IS '개봉일';
 
   COMMENT ON COLUMN "PROJECT"."MOVIE_INFO"."MOVIE_SHOWING_YN" IS '상영여부';
 
   COMMENT ON COLUMN "PROJECT"."MOVIE_INFO"."MOVIE_RATING" IS '관람등급';
 
   COMMENT ON COLUMN "PROJECT"."MOVIE_INFO"."MOVIE_SHOWING_TIME" IS '상영시간';
 
   COMMENT ON COLUMN "PROJECT"."MOVIE_INFO"."MOVIE_NATION" IS '제작국가';
 
   COMMENT ON TABLE "PROJECT"."MOVIE_INFO"  IS '영화정보';
--------------------------------------------------------
--  DDL for Table NO_U_INFO
--------------------------------------------------------

  CREATE TABLE "PROJECT"."NO_U_INFO" 
   (	"NO_U_ID" VARCHAR2(20 BYTE), 
	"NO_U_PW" VARCHAR2(18 BYTE), 
	"NO_U_BIRTH" VARCHAR2(8 BYTE), 
	"NO_U_NM" VARCHAR2(50 BYTE), 
	"NO_U_MOBILE_CARRIER" VARCHAR2(50 BYTE), 
	"NO_U_HP" VARCHAR2(30 BYTE)
   ) SEGMENT CREATION IMMEDIATE 
  PCTFREE 10 PCTUSED 40 INITRANS 1 MAXTRANS 255 NOCOMPRESS LOGGING
  STORAGE(INITIAL 65536 NEXT 1048576 MINEXTENTS 1 MAXEXTENTS 2147483645
  PCTINCREASE 0 FREELISTS 1 FREELIST GROUPS 1 BUFFER_POOL DEFAULT FLASH_CACHE DEFAULT CELL_FLASH_CACHE DEFAULT)
  TABLESPACE "USERS" ;
 

   COMMENT ON COLUMN "PROJECT"."NO_U_INFO"."NO_U_ID" IS '비회원id';
 
   COMMENT ON COLUMN "PROJECT"."NO_U_INFO"."NO_U_PW" IS '패스워드';
 
   COMMENT ON COLUMN "PROJECT"."NO_U_INFO"."NO_U_BIRTH" IS '생년월일';
 
   COMMENT ON COLUMN "PROJECT"."NO_U_INFO"."NO_U_NM" IS '이름';
 
   COMMENT ON COLUMN "PROJECT"."NO_U_INFO"."NO_U_MOBILE_CARRIER" IS '통신사';
 
   COMMENT ON COLUMN "PROJECT"."NO_U_INFO"."NO_U_HP" IS '휴대폰번호';
 
   COMMENT ON TABLE "PROJECT"."NO_U_INFO"  IS '비회원정보';
--------------------------------------------------------
--  DDL for Table PAY_INFO
--------------------------------------------------------

  CREATE TABLE "PROJECT"."PAY_INFO" 
   (	"PAY_ID" VARCHAR2(20 BYTE), 
	"PAY_AMNT" NUMBER, 
	"PAY_DATE" VARCHAR2(8 BYTE), 
	"USER_ID" VARCHAR2(20 BYTE), 
	"NO_U_ID" VARCHAR2(20 BYTE), 
	"BOOKING_ID" VARCHAR2(20 BYTE)
   ) SEGMENT CREATION IMMEDIATE 
  PCTFREE 10 PCTUSED 40 INITRANS 1 MAXTRANS 255 NOCOMPRESS LOGGING
  STORAGE(INITIAL 65536 NEXT 1048576 MINEXTENTS 1 MAXEXTENTS 2147483645
  PCTINCREASE 0 FREELISTS 1 FREELIST GROUPS 1 BUFFER_POOL DEFAULT FLASH_CACHE DEFAULT CELL_FLASH_CACHE DEFAULT)
  TABLESPACE "USERS" ;
 

   COMMENT ON COLUMN "PROJECT"."PAY_INFO"."PAY_ID" IS '결제내역id';
 
   COMMENT ON COLUMN "PROJECT"."PAY_INFO"."PAY_AMNT" IS '결제금액';
 
   COMMENT ON COLUMN "PROJECT"."PAY_INFO"."PAY_DATE" IS '결제일자';
 
   COMMENT ON COLUMN "PROJECT"."PAY_INFO"."USER_ID" IS '회원id';
 
   COMMENT ON COLUMN "PROJECT"."PAY_INFO"."NO_U_ID" IS '비회원id';
 
   COMMENT ON COLUMN "PROJECT"."PAY_INFO"."BOOKING_ID" IS '예매id';
 
   COMMENT ON TABLE "PROJECT"."PAY_INFO"  IS '결제내역정보';
--------------------------------------------------------
--  DDL for Table REPLY_INFO
--------------------------------------------------------

  CREATE TABLE "PROJECT"."REPLY_INFO" 
   (	"REPLY_ID" VARCHAR2(20 BYTE), 
	"REPLY_GRADE" NUMBER, 
	"REPLY_CONTENT" VARCHAR2(4000 BYTE), 
	"USER_ID" VARCHAR2(20 BYTE), 
	"MOVIE_ID" VARCHAR2(20 BYTE)
   ) SEGMENT CREATION IMMEDIATE 
  PCTFREE 10 PCTUSED 40 INITRANS 1 MAXTRANS 255 NOCOMPRESS LOGGING
  STORAGE(INITIAL 65536 NEXT 1048576 MINEXTENTS 1 MAXEXTENTS 2147483645
  PCTINCREASE 0 FREELISTS 1 FREELIST GROUPS 1 BUFFER_POOL DEFAULT FLASH_CACHE DEFAULT CELL_FLASH_CACHE DEFAULT)
  TABLESPACE "USERS" ;
 

   COMMENT ON COLUMN "PROJECT"."REPLY_INFO"."REPLY_ID" IS '평점id';
 
   COMMENT ON COLUMN "PROJECT"."REPLY_INFO"."REPLY_GRADE" IS '평점';
 
   COMMENT ON COLUMN "PROJECT"."REPLY_INFO"."REPLY_CONTENT" IS '평점내용';
 
   COMMENT ON COLUMN "PROJECT"."REPLY_INFO"."USER_ID" IS '회원id';
 
   COMMENT ON COLUMN "PROJECT"."REPLY_INFO"."MOVIE_ID" IS '영화id';
 
   COMMENT ON TABLE "PROJECT"."REPLY_INFO"  IS '평점';
--------------------------------------------------------
--  DDL for Table SHOW_INFO
--------------------------------------------------------

  CREATE TABLE "PROJECT"."SHOW_INFO" 
   (	"SHOW_ID" VARCHAR2(20 BYTE), 
	"MOVIE_ID" VARCHAR2(20 BYTE), 
	"THEATER_ID" VARCHAR2(20 BYTE), 
	"CINEMA_ID" VARCHAR2(20 BYTE), 
	"TIME_TYPE_ID" VARCHAR2(20 BYTE), 
	"START_TIME" VARCHAR2(10 BYTE), 
	"SHOW_DATE" VARCHAR2(20 BYTE)
   ) SEGMENT CREATION IMMEDIATE 
  PCTFREE 10 PCTUSED 40 INITRANS 1 MAXTRANS 255 NOCOMPRESS LOGGING
  STORAGE(INITIAL 65536 NEXT 1048576 MINEXTENTS 1 MAXEXTENTS 2147483645
  PCTINCREASE 0 FREELISTS 1 FREELIST GROUPS 1 BUFFER_POOL DEFAULT FLASH_CACHE DEFAULT CELL_FLASH_CACHE DEFAULT)
  TABLESPACE "USERS" ;
 

   COMMENT ON COLUMN "PROJECT"."SHOW_INFO"."SHOW_ID" IS '상영id';
 
   COMMENT ON COLUMN "PROJECT"."SHOW_INFO"."MOVIE_ID" IS '영화id';
 
   COMMENT ON COLUMN "PROJECT"."SHOW_INFO"."THEATER_ID" IS '극장id';
 
   COMMENT ON COLUMN "PROJECT"."SHOW_INFO"."CINEMA_ID" IS '상영관id';
 
   COMMENT ON COLUMN "PROJECT"."SHOW_INFO"."TIME_TYPE_ID" IS '시간대id';
 
   COMMENT ON COLUMN "PROJECT"."SHOW_INFO"."START_TIME" IS '시작시간';
 
   COMMENT ON COLUMN "PROJECT"."SHOW_INFO"."SHOW_DATE" IS '상영날짜';
 
   COMMENT ON TABLE "PROJECT"."SHOW_INFO"  IS '상영정보';
--------------------------------------------------------
--  DDL for Table THEATER_INFO
--------------------------------------------------------

  CREATE TABLE "PROJECT"."THEATER_INFO" 
   (	"THEATER_ID" VARCHAR2(20 BYTE), 
	"THEATER_NM" VARCHAR2(50 BYTE), 
	"THEATER_OLD_ADDRESS" VARCHAR2(255 BYTE), 
	"THEATER_NEW_ADDRESS" VARCHAR2(255 BYTE), 
	"THEATER_TEL" VARCHAR2(30 BYTE), 
	"THEATER_CINEMA_NUM" NUMBER, 
	"THEATER_SEAT_NUM" NUMBER, 
	"THEATER_AREA" VARCHAR2(50 BYTE)
   ) SEGMENT CREATION IMMEDIATE 
  PCTFREE 10 PCTUSED 40 INITRANS 1 MAXTRANS 255 NOCOMPRESS LOGGING
  STORAGE(INITIAL 65536 NEXT 1048576 MINEXTENTS 1 MAXEXTENTS 2147483645
  PCTINCREASE 0 FREELISTS 1 FREELIST GROUPS 1 BUFFER_POOL DEFAULT FLASH_CACHE DEFAULT CELL_FLASH_CACHE DEFAULT)
  TABLESPACE "USERS" ;
 

   COMMENT ON COLUMN "PROJECT"."THEATER_INFO"."THEATER_ID" IS '극장id';
 
   COMMENT ON COLUMN "PROJECT"."THEATER_INFO"."THEATER_NM" IS '극장명';
 
   COMMENT ON COLUMN "PROJECT"."THEATER_INFO"."THEATER_OLD_ADDRESS" IS '(구)주소';
 
   COMMENT ON COLUMN "PROJECT"."THEATER_INFO"."THEATER_NEW_ADDRESS" IS '(신)주소';
 
   COMMENT ON COLUMN "PROJECT"."THEATER_INFO"."THEATER_TEL" IS '전화번호';
 
   COMMENT ON COLUMN "PROJECT"."THEATER_INFO"."THEATER_CINEMA_NUM" IS '상영관수';
 
   COMMENT ON COLUMN "PROJECT"."THEATER_INFO"."THEATER_SEAT_NUM" IS '총좌석';
 
   COMMENT ON COLUMN "PROJECT"."THEATER_INFO"."THEATER_AREA" IS '지역';
 
   COMMENT ON TABLE "PROJECT"."THEATER_INFO"  IS '극장정보';
--------------------------------------------------------
--  DDL for Table TIME_TYPE
--------------------------------------------------------

  CREATE TABLE "PROJECT"."TIME_TYPE" 
   (	"TIME_TYPE_ID" VARCHAR2(20 BYTE), 
	"TIME_TYPE_NM" VARCHAR2(50 BYTE), 
	"TIME_TYPE_PRICE" NUMBER
   ) SEGMENT CREATION IMMEDIATE 
  PCTFREE 10 PCTUSED 40 INITRANS 1 MAXTRANS 255 NOCOMPRESS LOGGING
  STORAGE(INITIAL 65536 NEXT 1048576 MINEXTENTS 1 MAXEXTENTS 2147483645
  PCTINCREASE 0 FREELISTS 1 FREELIST GROUPS 1 BUFFER_POOL DEFAULT FLASH_CACHE DEFAULT CELL_FLASH_CACHE DEFAULT)
  TABLESPACE "USERS" ;
 

   COMMENT ON COLUMN "PROJECT"."TIME_TYPE"."TIME_TYPE_ID" IS '시간대id';
 
   COMMENT ON COLUMN "PROJECT"."TIME_TYPE"."TIME_TYPE_NM" IS '시간대명';
 
   COMMENT ON COLUMN "PROJECT"."TIME_TYPE"."TIME_TYPE_PRICE" IS '시간별가격';
 
   COMMENT ON TABLE "PROJECT"."TIME_TYPE"  IS '시간대';
--------------------------------------------------------
--  DDL for Table USER_INFO
--------------------------------------------------------

  CREATE TABLE "PROJECT"."USER_INFO" 
   (	"USER_ID" VARCHAR2(20 BYTE), 
	"USER_PASSWORD" VARCHAR2(18 BYTE), 
	"USER_PASSWORD_HINT" VARCHAR2(255 BYTE), 
	"USER_PASSWORD_ANSWER" VARCHAR2(255 BYTE), 
	"USER_NM" VARCHAR2(50 BYTE), 
	"USER_EMAIL" VARCHAR2(40 BYTE), 
	"USER_BIRTH_DATE" DATE, 
	"USER_GENDER" VARCHAR2(5 BYTE), 
	"USER_MOBILE_CARRIER" VARCHAR2(50 BYTE), 
	"USER_CELLPHONE" VARCHAR2(30 BYTE), 
	"USER_RATING" NUMBER, 
	"USER_PERFORMANCE" NUMBER
   ) SEGMENT CREATION IMMEDIATE 
  PCTFREE 10 PCTUSED 40 INITRANS 1 MAXTRANS 255 NOCOMPRESS LOGGING
  STORAGE(INITIAL 65536 NEXT 1048576 MINEXTENTS 1 MAXEXTENTS 2147483645
  PCTINCREASE 0 FREELISTS 1 FREELIST GROUPS 1 BUFFER_POOL DEFAULT FLASH_CACHE DEFAULT CELL_FLASH_CACHE DEFAULT)
  TABLESPACE "USERS" ;
 

   COMMENT ON COLUMN "PROJECT"."USER_INFO"."USER_ID" IS '회원id';
 
   COMMENT ON COLUMN "PROJECT"."USER_INFO"."USER_PASSWORD" IS '패스워드';
 
   COMMENT ON COLUMN "PROJECT"."USER_INFO"."USER_PASSWORD_HINT" IS '비밀번호힌트';
 
   COMMENT ON COLUMN "PROJECT"."USER_INFO"."USER_PASSWORD_ANSWER" IS '비밀번호정답';
 
   COMMENT ON COLUMN "PROJECT"."USER_INFO"."USER_NM" IS '이름';
 
   COMMENT ON COLUMN "PROJECT"."USER_INFO"."USER_EMAIL" IS '이메일';
 
   COMMENT ON COLUMN "PROJECT"."USER_INFO"."USER_BIRTH_DATE" IS '생년월일';
 
   COMMENT ON COLUMN "PROJECT"."USER_INFO"."USER_GENDER" IS '성별';
 
   COMMENT ON COLUMN "PROJECT"."USER_INFO"."USER_MOBILE_CARRIER" IS '통신사';
 
   COMMENT ON COLUMN "PROJECT"."USER_INFO"."USER_CELLPHONE" IS '휴대폰번호';
 
   COMMENT ON COLUMN "PROJECT"."USER_INFO"."USER_RATING" IS '등급';
 
   COMMENT ON COLUMN "PROJECT"."USER_INFO"."USER_PERFORMANCE" IS '실적';
 
   COMMENT ON TABLE "PROJECT"."USER_INFO"  IS '회원정보';
REM INSERTING into PROJECT.ADMIN_INFO
SET DEFINE OFF;
Insert into PROJECT.ADMIN_INFO (ADMIN_ID,ADMIN_PASSWORD) values ('admin','admin');
REM INSERTING into PROJECT.BOOKING_INFO
SET DEFINE OFF;
Insert into PROJECT.BOOKING_INFO (BOOKING_ID,BOOKING_SEAT,USER_ID,NO_U_ID,SHOW_ID,BOOKING_DATE) values ('BOOKING00118','A5','chltjdgk',null,'SHOW00174','16/12/21');
Insert into PROJECT.BOOKING_INFO (BOOKING_ID,BOOKING_SEAT,USER_ID,NO_U_ID,SHOW_ID,BOOKING_DATE) values ('BOOKING00119','B6','junyeon',null,'SHOW00167','16/12/21');
Insert into PROJECT.BOOKING_INFO (BOOKING_ID,BOOKING_SEAT,USER_ID,NO_U_ID,SHOW_ID,BOOKING_DATE) values ('BOOKING00116','D10','dydwls',null,'SHOW00199','16/12/21');
Insert into PROJECT.BOOKING_INFO (BOOKING_ID,BOOKING_SEAT,USER_ID,NO_U_ID,SHOW_ID,BOOKING_DATE) values ('BOOKING00117','D6','dydwls1',null,'SHOW00208','16/12/21');
Insert into PROJECT.BOOKING_INFO (BOOKING_ID,BOOKING_SEAT,USER_ID,NO_U_ID,SHOW_ID,BOOKING_DATE) values ('BOOKING00121','B5','izee1234',null,'SHOW00173','16/12/21');
Insert into PROJECT.BOOKING_INFO (BOOKING_ID,BOOKING_SEAT,USER_ID,NO_U_ID,SHOW_ID,BOOKING_DATE) values ('BOOKING00123','C8','hahahaha',null,'SHOW00179','16/12/21');
Insert into PROJECT.BOOKING_INFO (BOOKING_ID,BOOKING_SEAT,USER_ID,NO_U_ID,SHOW_ID,BOOKING_DATE) values ('BOOKING00124','D3',null,'guest20','SHOW00167','16/12/21');
Insert into PROJECT.BOOKING_INFO (BOOKING_ID,BOOKING_SEAT,USER_ID,NO_U_ID,SHOW_ID,BOOKING_DATE) values ('BOOKING00105','D8','rladydwls',null,'SHOW00208','16/12/21');
Insert into PROJECT.BOOKING_INFO (BOOKING_ID,BOOKING_SEAT,USER_ID,NO_U_ID,SHOW_ID,BOOKING_DATE) values ('BOOKING00106','D5','dydwls',null,'SHOW00199','16/12/21');
Insert into PROJECT.BOOKING_INFO (BOOKING_ID,BOOKING_SEAT,USER_ID,NO_U_ID,SHOW_ID,BOOKING_DATE) values ('BOOKING00107','B8','dydwls',null,'SHOW00170','16/12/21');
Insert into PROJECT.BOOKING_INFO (BOOKING_ID,BOOKING_SEAT,USER_ID,NO_U_ID,SHOW_ID,BOOKING_DATE) values ('BOOKING00108','E3','dydwls',null,'SHOW00177','16/12/21');
Insert into PROJECT.BOOKING_INFO (BOOKING_ID,BOOKING_SEAT,USER_ID,NO_U_ID,SHOW_ID,BOOKING_DATE) values ('BOOKING00109','D8','dydwls',null,'SHOW00168','16/12/21');
Insert into PROJECT.BOOKING_INFO (BOOKING_ID,BOOKING_SEAT,USER_ID,NO_U_ID,SHOW_ID,BOOKING_DATE) values ('BOOKING00110','E3','dydwls',null,'SHOW00169','16/12/21');
Insert into PROJECT.BOOKING_INFO (BOOKING_ID,BOOKING_SEAT,USER_ID,NO_U_ID,SHOW_ID,BOOKING_DATE) values ('BOOKING00111','B1','dydwls',null,'SHOW00175','16/12/21');
Insert into PROJECT.BOOKING_INFO (BOOKING_ID,BOOKING_SEAT,USER_ID,NO_U_ID,SHOW_ID,BOOKING_DATE) values ('BOOKING00112','C2','dydwls',null,'SHOW00169','16/12/21');
Insert into PROJECT.BOOKING_INFO (BOOKING_ID,BOOKING_SEAT,USER_ID,NO_U_ID,SHOW_ID,BOOKING_DATE) values ('BOOKING00113','D9','dydwls',null,'SHOW00167','16/12/21');
Insert into PROJECT.BOOKING_INFO (BOOKING_ID,BOOKING_SEAT,USER_ID,NO_U_ID,SHOW_ID,BOOKING_DATE) values ('BOOKING00114','E10','dydwls',null,'SHOW00173','16/12/21');
Insert into PROJECT.BOOKING_INFO (BOOKING_ID,BOOKING_SEAT,USER_ID,NO_U_ID,SHOW_ID,BOOKING_DATE) values ('BOOKING00115','D7','dydwls',null,'SHOW00173','16/12/21');
Insert into PROJECT.BOOKING_INFO (BOOKING_ID,BOOKING_SEAT,USER_ID,NO_U_ID,SHOW_ID,BOOKING_DATE) values ('BOOKING00103','E3','rladydwls',null,'SHOW00208','16/12/21');
Insert into PROJECT.BOOKING_INFO (BOOKING_ID,BOOKING_SEAT,USER_ID,NO_U_ID,SHOW_ID,BOOKING_DATE) values ('BOOKING00104','E4','rladydwls',null,'SHOW00208','16/12/21');
Insert into PROJECT.BOOKING_INFO (BOOKING_ID,BOOKING_SEAT,USER_ID,NO_U_ID,SHOW_ID,BOOKING_DATE) values ('BOOKING00125','C6',null,'guest21','SHOW00194','16/12/21');
Insert into PROJECT.BOOKING_INFO (BOOKING_ID,BOOKING_SEAT,USER_ID,NO_U_ID,SHOW_ID,BOOKING_DATE) values ('BOOKING00129','D7',null,'guest23','SHOW00178','16/12/21');
Insert into PROJECT.BOOKING_INFO (BOOKING_ID,BOOKING_SEAT,USER_ID,NO_U_ID,SHOW_ID,BOOKING_DATE) values ('BOOKING00127','C6','hyebin',null,'SHOW00169','16/12/21');
Insert into PROJECT.BOOKING_INFO (BOOKING_ID,BOOKING_SEAT,USER_ID,NO_U_ID,SHOW_ID,BOOKING_DATE) values ('BOOKING00120','B6','chltjdgk',null,'SHOW00183','16/12/21');
Insert into PROJECT.BOOKING_INFO (BOOKING_ID,BOOKING_SEAT,USER_ID,NO_U_ID,SHOW_ID,BOOKING_DATE) values ('BOOKING00128','D5',null,'guest22','SHOW00182','16/12/21');
Insert into PROJECT.BOOKING_INFO (BOOKING_ID,BOOKING_SEAT,USER_ID,NO_U_ID,SHOW_ID,BOOKING_DATE) values ('BOOKING00122','E3','hyebin',null,'SHOW00189','16/12/21');
REM INSERTING into PROJECT.CINEMA_INFO
SET DEFINE OFF;
Insert into PROJECT.CINEMA_INFO (CINEMA_ID,THEATER_ID,CINEMA_NM,CINEMA_TYPE_ID,CINEMA_SEAT_NUM,CINEMA_FLOOR_NO) values ('CINEMA00002','THEATER00001','1관','CI_TYPE00001',200,1);
Insert into PROJECT.CINEMA_INFO (CINEMA_ID,THEATER_ID,CINEMA_NM,CINEMA_TYPE_ID,CINEMA_SEAT_NUM,CINEMA_FLOOR_NO) values ('CINEMA00030','THEATER00018','3관','CI_TYPE00003',321,2);
Insert into PROJECT.CINEMA_INFO (CINEMA_ID,THEATER_ID,CINEMA_NM,CINEMA_TYPE_ID,CINEMA_SEAT_NUM,CINEMA_FLOOR_NO) values ('CINEMA00032','THEATER00019','1관','CI_TYPE00004',321,12);
Insert into PROJECT.CINEMA_INFO (CINEMA_ID,THEATER_ID,CINEMA_NM,CINEMA_TYPE_ID,CINEMA_SEAT_NUM,CINEMA_FLOOR_NO) values ('CINEMA00033','THEATER00019','2관','CI_TYPE00002',234,2);
Insert into PROJECT.CINEMA_INFO (CINEMA_ID,THEATER_ID,CINEMA_NM,CINEMA_TYPE_ID,CINEMA_SEAT_NUM,CINEMA_FLOOR_NO) values ('CINEMA00034','THEATER00019','3관','CI_TYPE00003',499,13);
Insert into PROJECT.CINEMA_INFO (CINEMA_ID,THEATER_ID,CINEMA_NM,CINEMA_TYPE_ID,CINEMA_SEAT_NUM,CINEMA_FLOOR_NO) values ('CINEMA00035','THEATER00020','1관','CI_TYPE00002',200,1);
Insert into PROJECT.CINEMA_INFO (CINEMA_ID,THEATER_ID,CINEMA_NM,CINEMA_TYPE_ID,CINEMA_SEAT_NUM,CINEMA_FLOOR_NO) values ('CINEMA00036','THEATER00020','2관','CI_TYPE00002',200,2);
Insert into PROJECT.CINEMA_INFO (CINEMA_ID,THEATER_ID,CINEMA_NM,CINEMA_TYPE_ID,CINEMA_SEAT_NUM,CINEMA_FLOOR_NO) values ('CINEMA00037','THEATER00020','3관','CI_TYPE00003',200,3);
Insert into PROJECT.CINEMA_INFO (CINEMA_ID,THEATER_ID,CINEMA_NM,CINEMA_TYPE_ID,CINEMA_SEAT_NUM,CINEMA_FLOOR_NO) values ('CINEMA00038','THEATER00021','1관','CI_TYPE00003',300,1);
Insert into PROJECT.CINEMA_INFO (CINEMA_ID,THEATER_ID,CINEMA_NM,CINEMA_TYPE_ID,CINEMA_SEAT_NUM,CINEMA_FLOOR_NO) values ('CINEMA00039','THEATER00021','2관','CI_TYPE00004',213,2);
Insert into PROJECT.CINEMA_INFO (CINEMA_ID,THEATER_ID,CINEMA_NM,CINEMA_TYPE_ID,CINEMA_SEAT_NUM,CINEMA_FLOOR_NO) values ('CINEMA00040','THEATER00021','3관','CI_TYPE00004',123,2);
Insert into PROJECT.CINEMA_INFO (CINEMA_ID,THEATER_ID,CINEMA_NM,CINEMA_TYPE_ID,CINEMA_SEAT_NUM,CINEMA_FLOOR_NO) values ('CINEMA00041','THEATER00022','1관','CI_TYPE00004',123,3);
Insert into PROJECT.CINEMA_INFO (CINEMA_ID,THEATER_ID,CINEMA_NM,CINEMA_TYPE_ID,CINEMA_SEAT_NUM,CINEMA_FLOOR_NO) values ('CINEMA00042','THEATER00022','2관','CI_TYPE00002',200,1);
Insert into PROJECT.CINEMA_INFO (CINEMA_ID,THEATER_ID,CINEMA_NM,CINEMA_TYPE_ID,CINEMA_SEAT_NUM,CINEMA_FLOOR_NO) values ('CINEMA00043','THEATER00022','3관','CI_TYPE00001',123,12);
Insert into PROJECT.CINEMA_INFO (CINEMA_ID,THEATER_ID,CINEMA_NM,CINEMA_TYPE_ID,CINEMA_SEAT_NUM,CINEMA_FLOOR_NO) values ('CINEMA00044','THEATER00023','1관','CI_TYPE00003',123,11);
Insert into PROJECT.CINEMA_INFO (CINEMA_ID,THEATER_ID,CINEMA_NM,CINEMA_TYPE_ID,CINEMA_SEAT_NUM,CINEMA_FLOOR_NO) values ('CINEMA00045','THEATER00023','2관','CI_TYPE00002',123,1);
Insert into PROJECT.CINEMA_INFO (CINEMA_ID,THEATER_ID,CINEMA_NM,CINEMA_TYPE_ID,CINEMA_SEAT_NUM,CINEMA_FLOOR_NO) values ('CINEMA00046','THEATER00023','3관','CI_TYPE00002',321,1);
Insert into PROJECT.CINEMA_INFO (CINEMA_ID,THEATER_ID,CINEMA_NM,CINEMA_TYPE_ID,CINEMA_SEAT_NUM,CINEMA_FLOOR_NO) values ('CINEMA00047','THEATER00024','1관','CI_TYPE00004',432,2);
Insert into PROJECT.CINEMA_INFO (CINEMA_ID,THEATER_ID,CINEMA_NM,CINEMA_TYPE_ID,CINEMA_SEAT_NUM,CINEMA_FLOOR_NO) values ('CINEMA00048','THEATER00024','2관','CI_TYPE00005',543,2);
Insert into PROJECT.CINEMA_INFO (CINEMA_ID,THEATER_ID,CINEMA_NM,CINEMA_TYPE_ID,CINEMA_SEAT_NUM,CINEMA_FLOOR_NO) values ('CINEMA00049','THEATER00024','3관','CI_TYPE00006',432,2);
Insert into PROJECT.CINEMA_INFO (CINEMA_ID,THEATER_ID,CINEMA_NM,CINEMA_TYPE_ID,CINEMA_SEAT_NUM,CINEMA_FLOOR_NO) values ('CINEMA00050','THEATER00025','1관','CI_TYPE00006',321,1);
Insert into PROJECT.CINEMA_INFO (CINEMA_ID,THEATER_ID,CINEMA_NM,CINEMA_TYPE_ID,CINEMA_SEAT_NUM,CINEMA_FLOOR_NO) values ('CINEMA00051','THEATER00025','2관','CI_TYPE00003',231,2);
Insert into PROJECT.CINEMA_INFO (CINEMA_ID,THEATER_ID,CINEMA_NM,CINEMA_TYPE_ID,CINEMA_SEAT_NUM,CINEMA_FLOOR_NO) values ('CINEMA00052','THEATER00025','3관','CI_TYPE00001',543,21);
Insert into PROJECT.CINEMA_INFO (CINEMA_ID,THEATER_ID,CINEMA_NM,CINEMA_TYPE_ID,CINEMA_SEAT_NUM,CINEMA_FLOOR_NO) values ('CINEMA00053','THEATER00026','1관','CI_TYPE00006',123,1);
Insert into PROJECT.CINEMA_INFO (CINEMA_ID,THEATER_ID,CINEMA_NM,CINEMA_TYPE_ID,CINEMA_SEAT_NUM,CINEMA_FLOOR_NO) values ('CINEMA00054','THEATER00026','2관','CI_TYPE00003',435,3);
Insert into PROJECT.CINEMA_INFO (CINEMA_ID,THEATER_ID,CINEMA_NM,CINEMA_TYPE_ID,CINEMA_SEAT_NUM,CINEMA_FLOOR_NO) values ('CINEMA00055','THEATER00026','3관','CI_TYPE00002',312,3);
Insert into PROJECT.CINEMA_INFO (CINEMA_ID,THEATER_ID,CINEMA_NM,CINEMA_TYPE_ID,CINEMA_SEAT_NUM,CINEMA_FLOOR_NO) values ('CINEMA00056','THEATER00027','1관','CI_TYPE00006',111,1);
Insert into PROJECT.CINEMA_INFO (CINEMA_ID,THEATER_ID,CINEMA_NM,CINEMA_TYPE_ID,CINEMA_SEAT_NUM,CINEMA_FLOOR_NO) values ('CINEMA00057','THEATER00027','2관','CI_TYPE00003',213,2);
Insert into PROJECT.CINEMA_INFO (CINEMA_ID,THEATER_ID,CINEMA_NM,CINEMA_TYPE_ID,CINEMA_SEAT_NUM,CINEMA_FLOOR_NO) values ('CINEMA00058','THEATER00027','3관','CI_TYPE00002',543,2);
Insert into PROJECT.CINEMA_INFO (CINEMA_ID,THEATER_ID,CINEMA_NM,CINEMA_TYPE_ID,CINEMA_SEAT_NUM,CINEMA_FLOOR_NO) values ('CINEMA00059','THEATER00028','1관','CI_TYPE00003',332,1);
Insert into PROJECT.CINEMA_INFO (CINEMA_ID,THEATER_ID,CINEMA_NM,CINEMA_TYPE_ID,CINEMA_SEAT_NUM,CINEMA_FLOOR_NO) values ('CINEMA00060','THEATER00028','2관','CI_TYPE00002',399,1);
Insert into PROJECT.CINEMA_INFO (CINEMA_ID,THEATER_ID,CINEMA_NM,CINEMA_TYPE_ID,CINEMA_SEAT_NUM,CINEMA_FLOOR_NO) values ('CINEMA00061','THEATER00028','3관','CI_TYPE00001',329,2);
Insert into PROJECT.CINEMA_INFO (CINEMA_ID,THEATER_ID,CINEMA_NM,CINEMA_TYPE_ID,CINEMA_SEAT_NUM,CINEMA_FLOOR_NO) values ('CINEMA00062','THEATER00029','1관','CI_TYPE00003',231,1);
Insert into PROJECT.CINEMA_INFO (CINEMA_ID,THEATER_ID,CINEMA_NM,CINEMA_TYPE_ID,CINEMA_SEAT_NUM,CINEMA_FLOOR_NO) values ('CINEMA00063','THEATER00029','2관','CI_TYPE00006',523,2);
Insert into PROJECT.CINEMA_INFO (CINEMA_ID,THEATER_ID,CINEMA_NM,CINEMA_TYPE_ID,CINEMA_SEAT_NUM,CINEMA_FLOOR_NO) values ('CINEMA00064','THEATER00029','3관','CI_TYPE00006',123,2);
Insert into PROJECT.CINEMA_INFO (CINEMA_ID,THEATER_ID,CINEMA_NM,CINEMA_TYPE_ID,CINEMA_SEAT_NUM,CINEMA_FLOOR_NO) values ('CINEMA00065','THEATER00030','1관','CI_TYPE00002',300,2);
Insert into PROJECT.CINEMA_INFO (CINEMA_ID,THEATER_ID,CINEMA_NM,CINEMA_TYPE_ID,CINEMA_SEAT_NUM,CINEMA_FLOOR_NO) values ('CINEMA00066','THEATER00030','2관','CI_TYPE00002',200,2);
Insert into PROJECT.CINEMA_INFO (CINEMA_ID,THEATER_ID,CINEMA_NM,CINEMA_TYPE_ID,CINEMA_SEAT_NUM,CINEMA_FLOOR_NO) values ('CINEMA00067','THEATER00030','3관','CI_TYPE00003',239,2);
Insert into PROJECT.CINEMA_INFO (CINEMA_ID,THEATER_ID,CINEMA_NM,CINEMA_TYPE_ID,CINEMA_SEAT_NUM,CINEMA_FLOOR_NO) values ('CINEMA00068','THEATER00031','1관','CI_TYPE00006',111,1);
Insert into PROJECT.CINEMA_INFO (CINEMA_ID,THEATER_ID,CINEMA_NM,CINEMA_TYPE_ID,CINEMA_SEAT_NUM,CINEMA_FLOOR_NO) values ('CINEMA00069','THEATER00031','2관','CI_TYPE00003',239,2);
Insert into PROJECT.CINEMA_INFO (CINEMA_ID,THEATER_ID,CINEMA_NM,CINEMA_TYPE_ID,CINEMA_SEAT_NUM,CINEMA_FLOOR_NO) values ('CINEMA00070','THEATER00031','3관','CI_TYPE00002',399,2);
Insert into PROJECT.CINEMA_INFO (CINEMA_ID,THEATER_ID,CINEMA_NM,CINEMA_TYPE_ID,CINEMA_SEAT_NUM,CINEMA_FLOOR_NO) values ('CINEMA00071','THEATER00032','1관','CI_TYPE00004',299,2);
Insert into PROJECT.CINEMA_INFO (CINEMA_ID,THEATER_ID,CINEMA_NM,CINEMA_TYPE_ID,CINEMA_SEAT_NUM,CINEMA_FLOOR_NO) values ('CINEMA00072','THEATER00032','2관','CI_TYPE00002',399,1);
Insert into PROJECT.CINEMA_INFO (CINEMA_ID,THEATER_ID,CINEMA_NM,CINEMA_TYPE_ID,CINEMA_SEAT_NUM,CINEMA_FLOOR_NO) values ('CINEMA00073','THEATER00032','3관','CI_TYPE00001',432,2);
Insert into PROJECT.CINEMA_INFO (CINEMA_ID,THEATER_ID,CINEMA_NM,CINEMA_TYPE_ID,CINEMA_SEAT_NUM,CINEMA_FLOOR_NO) values ('CINEMA00074','THEATER00001','2관','CI_TYPE00006',300,1);
Insert into PROJECT.CINEMA_INFO (CINEMA_ID,THEATER_ID,CINEMA_NM,CINEMA_TYPE_ID,CINEMA_SEAT_NUM,CINEMA_FLOOR_NO) values ('CINEMA00079','THEATER00009','1관','CI_TYPE00004',200,1);
Insert into PROJECT.CINEMA_INFO (CINEMA_ID,THEATER_ID,CINEMA_NM,CINEMA_TYPE_ID,CINEMA_SEAT_NUM,CINEMA_FLOOR_NO) values ('CINEMA00090','THEATER00056','하우스','CI_TYPE00006',2,2);
Insert into PROJECT.CINEMA_INFO (CINEMA_ID,THEATER_ID,CINEMA_NM,CINEMA_TYPE_ID,CINEMA_SEAT_NUM,CINEMA_FLOOR_NO) values ('CINEMA00077','THEATER00028','4관','CI_TYPE00002',3,3);
Insert into PROJECT.CINEMA_INFO (CINEMA_ID,THEATER_ID,CINEMA_NM,CINEMA_TYPE_ID,CINEMA_SEAT_NUM,CINEMA_FLOOR_NO) values ('CINEMA00003','THEATER00010','1관','CI_TYPE00001',100,1);
Insert into PROJECT.CINEMA_INFO (CINEMA_ID,THEATER_ID,CINEMA_NM,CINEMA_TYPE_ID,CINEMA_SEAT_NUM,CINEMA_FLOOR_NO) values ('CINEMA00004','THEATER00010','2관','CI_TYPE00004',200,2);
Insert into PROJECT.CINEMA_INFO (CINEMA_ID,THEATER_ID,CINEMA_NM,CINEMA_TYPE_ID,CINEMA_SEAT_NUM,CINEMA_FLOOR_NO) values ('CINEMA00005','THEATER00010','3관','CI_TYPE00006',300,3);
Insert into PROJECT.CINEMA_INFO (CINEMA_ID,THEATER_ID,CINEMA_NM,CINEMA_TYPE_ID,CINEMA_SEAT_NUM,CINEMA_FLOOR_NO) values ('CINEMA00006','THEATER00011','1관','CI_TYPE00002',200,1);
Insert into PROJECT.CINEMA_INFO (CINEMA_ID,THEATER_ID,CINEMA_NM,CINEMA_TYPE_ID,CINEMA_SEAT_NUM,CINEMA_FLOOR_NO) values ('CINEMA00007','THEATER00011','2관','CI_TYPE00004',200,2);
Insert into PROJECT.CINEMA_INFO (CINEMA_ID,THEATER_ID,CINEMA_NM,CINEMA_TYPE_ID,CINEMA_SEAT_NUM,CINEMA_FLOOR_NO) values ('CINEMA00008','THEATER00011','3관','CI_TYPE00001',140,2);
Insert into PROJECT.CINEMA_INFO (CINEMA_ID,THEATER_ID,CINEMA_NM,CINEMA_TYPE_ID,CINEMA_SEAT_NUM,CINEMA_FLOOR_NO) values ('CINEMA00009','THEATER00012','1관','CI_TYPE00002',200,1);
Insert into PROJECT.CINEMA_INFO (CINEMA_ID,THEATER_ID,CINEMA_NM,CINEMA_TYPE_ID,CINEMA_SEAT_NUM,CINEMA_FLOOR_NO) values ('CINEMA00010','THEATER00012','2관','CI_TYPE00005',200,2);
Insert into PROJECT.CINEMA_INFO (CINEMA_ID,THEATER_ID,CINEMA_NM,CINEMA_TYPE_ID,CINEMA_SEAT_NUM,CINEMA_FLOOR_NO) values ('CINEMA00011','THEATER00012','3관','CI_TYPE00006',300,2);
Insert into PROJECT.CINEMA_INFO (CINEMA_ID,THEATER_ID,CINEMA_NM,CINEMA_TYPE_ID,CINEMA_SEAT_NUM,CINEMA_FLOOR_NO) values ('CINEMA00012','THEATER00013','1관','CI_TYPE00006',200,1);
Insert into PROJECT.CINEMA_INFO (CINEMA_ID,THEATER_ID,CINEMA_NM,CINEMA_TYPE_ID,CINEMA_SEAT_NUM,CINEMA_FLOOR_NO) values ('CINEMA00013','THEATER00013','2관','CI_TYPE00004',200,1);
Insert into PROJECT.CINEMA_INFO (CINEMA_ID,THEATER_ID,CINEMA_NM,CINEMA_TYPE_ID,CINEMA_SEAT_NUM,CINEMA_FLOOR_NO) values ('CINEMA00014','THEATER00013','3관','CI_TYPE00006',112,3);
Insert into PROJECT.CINEMA_INFO (CINEMA_ID,THEATER_ID,CINEMA_NM,CINEMA_TYPE_ID,CINEMA_SEAT_NUM,CINEMA_FLOOR_NO) values ('CINEMA00015','THEATER00014','1관','CI_TYPE00006',300,2);
Insert into PROJECT.CINEMA_INFO (CINEMA_ID,THEATER_ID,CINEMA_NM,CINEMA_TYPE_ID,CINEMA_SEAT_NUM,CINEMA_FLOOR_NO) values ('CINEMA00016','THEATER00014','2관','CI_TYPE00003',300,3);
Insert into PROJECT.CINEMA_INFO (CINEMA_ID,THEATER_ID,CINEMA_NM,CINEMA_TYPE_ID,CINEMA_SEAT_NUM,CINEMA_FLOOR_NO) values ('CINEMA00017','THEATER00014','3관','CI_TYPE00001',111,3);
Insert into PROJECT.CINEMA_INFO (CINEMA_ID,THEATER_ID,CINEMA_NM,CINEMA_TYPE_ID,CINEMA_SEAT_NUM,CINEMA_FLOOR_NO) values ('CINEMA00018','THEATER00015','1관','CI_TYPE00006',300,3);
Insert into PROJECT.CINEMA_INFO (CINEMA_ID,THEATER_ID,CINEMA_NM,CINEMA_TYPE_ID,CINEMA_SEAT_NUM,CINEMA_FLOOR_NO) values ('CINEMA00019','THEATER00015','2관','CI_TYPE00005',123,3);
Insert into PROJECT.CINEMA_INFO (CINEMA_ID,THEATER_ID,CINEMA_NM,CINEMA_TYPE_ID,CINEMA_SEAT_NUM,CINEMA_FLOOR_NO) values ('CINEMA00020','THEATER00015','3관','CI_TYPE00001',231,2);
Insert into PROJECT.CINEMA_INFO (CINEMA_ID,THEATER_ID,CINEMA_NM,CINEMA_TYPE_ID,CINEMA_SEAT_NUM,CINEMA_FLOOR_NO) values ('CINEMA00021','THEATER00016','1관','CI_TYPE00006',213,4);
Insert into PROJECT.CINEMA_INFO (CINEMA_ID,THEATER_ID,CINEMA_NM,CINEMA_TYPE_ID,CINEMA_SEAT_NUM,CINEMA_FLOOR_NO) values ('CINEMA00022','THEATER00016','2관','CI_TYPE00006',421,3);
Insert into PROJECT.CINEMA_INFO (CINEMA_ID,THEATER_ID,CINEMA_NM,CINEMA_TYPE_ID,CINEMA_SEAT_NUM,CINEMA_FLOOR_NO) values ('CINEMA00023','THEATER00016','3관','CI_TYPE00003',342,12);
Insert into PROJECT.CINEMA_INFO (CINEMA_ID,THEATER_ID,CINEMA_NM,CINEMA_TYPE_ID,CINEMA_SEAT_NUM,CINEMA_FLOOR_NO) values ('CINEMA00024','THEATER00017','1관','CI_TYPE00006',432,12);
Insert into PROJECT.CINEMA_INFO (CINEMA_ID,THEATER_ID,CINEMA_NM,CINEMA_TYPE_ID,CINEMA_SEAT_NUM,CINEMA_FLOOR_NO) values ('CINEMA00025','THEATER00017','2관','CI_TYPE00006',300,2);
Insert into PROJECT.CINEMA_INFO (CINEMA_ID,THEATER_ID,CINEMA_NM,CINEMA_TYPE_ID,CINEMA_SEAT_NUM,CINEMA_FLOOR_NO) values ('CINEMA00026','THEATER00017','3관','CI_TYPE00002',313,3);
Insert into PROJECT.CINEMA_INFO (CINEMA_ID,THEATER_ID,CINEMA_NM,CINEMA_TYPE_ID,CINEMA_SEAT_NUM,CINEMA_FLOOR_NO) values ('CINEMA00027','THEATER00018','1관','CI_TYPE00003',321,1);
Insert into PROJECT.CINEMA_INFO (CINEMA_ID,THEATER_ID,CINEMA_NM,CINEMA_TYPE_ID,CINEMA_SEAT_NUM,CINEMA_FLOOR_NO) values ('CINEMA00028','THEATER00018','2관','CI_TYPE00003',321,1);
REM INSERTING into PROJECT.CINEMA_TYPE
SET DEFINE OFF;
Insert into PROJECT.CINEMA_TYPE (CINEMA_TYPE_ID,CINEMA_TYPE_NM,CINEMA_TYPE_PRICE) values ('CI_TYPE00001','2D',5000);
Insert into PROJECT.CINEMA_TYPE (CINEMA_TYPE_ID,CINEMA_TYPE_NM,CINEMA_TYPE_PRICE) values ('CI_TYPE00002','3D',6000);
Insert into PROJECT.CINEMA_TYPE (CINEMA_TYPE_ID,CINEMA_TYPE_NM,CINEMA_TYPE_PRICE) values ('CI_TYPE00003','4DX',7000);
Insert into PROJECT.CINEMA_TYPE (CINEMA_TYPE_ID,CINEMA_TYPE_NM,CINEMA_TYPE_PRICE) values ('CI_TYPE00004','IMAX',8000);
Insert into PROJECT.CINEMA_TYPE (CINEMA_TYPE_ID,CINEMA_TYPE_NM,CINEMA_TYPE_PRICE) values ('CI_TYPE00005','SCREENX',8000);
Insert into PROJECT.CINEMA_TYPE (CINEMA_TYPE_ID,CINEMA_TYPE_NM,CINEMA_TYPE_PRICE) values ('CI_TYPE00006','SWEETBOX',9000);
REM INSERTING into PROJECT.CODE_INFO
SET DEFINE OFF;
Insert into PROJECT.CODE_INFO (MAIN_CODE,SUB_CODE,MAIN_CODE_NM,SUB_CODE_NM,USE_YN) values ('MOVIE_SHOWING_YN','SHOW001','상영여부','상영 중','Y');
Insert into PROJECT.CODE_INFO (MAIN_CODE,SUB_CODE,MAIN_CODE_NM,SUB_CODE_NM,USE_YN) values ('MOVIE_SHOWING_YN','SHOW002','상영여부','상영 예정','Y');
Insert into PROJECT.CODE_INFO (MAIN_CODE,SUB_CODE,MAIN_CODE_NM,SUB_CODE_NM,USE_YN) values ('MOVIE_SHOWING_YN','SHOW003','상영여부','종영','Y');
Insert into PROJECT.CODE_INFO (MAIN_CODE,SUB_CODE,MAIN_CODE_NM,SUB_CODE_NM,USE_YN) values ('MOVIE_RATING','GRADE001','관람등급','전체 관람가','Y');
Insert into PROJECT.CODE_INFO (MAIN_CODE,SUB_CODE,MAIN_CODE_NM,SUB_CODE_NM,USE_YN) values ('MOVIE_RATING','GRADE002','관람등급','12세 이상 관람가','Y');
Insert into PROJECT.CODE_INFO (MAIN_CODE,SUB_CODE,MAIN_CODE_NM,SUB_CODE_NM,USE_YN) values ('MOVIE_RATING','GRADE003','관람등급','15세 이상 관람가','Y');
Insert into PROJECT.CODE_INFO (MAIN_CODE,SUB_CODE,MAIN_CODE_NM,SUB_CODE_NM,USE_YN) values ('MOVIE_RATING','GRADE004','관람등급','청소년 관람불가','Y');
Insert into PROJECT.CODE_INFO (MAIN_CODE,SUB_CODE,MAIN_CODE_NM,SUB_CODE_NM,USE_YN) values ('MOVIE_RATING','GRADE005','관람등급','제한 관람가','Y');
Insert into PROJECT.CODE_INFO (MAIN_CODE,SUB_CODE,MAIN_CODE_NM,SUB_CODE_NM,USE_YN) values ('MOVIE_NATION','NATION001','제작국가','한국','Y');
Insert into PROJECT.CODE_INFO (MAIN_CODE,SUB_CODE,MAIN_CODE_NM,SUB_CODE_NM,USE_YN) values ('MOVIE_NATION','NATION002','제작국가','미국','Y');
Insert into PROJECT.CODE_INFO (MAIN_CODE,SUB_CODE,MAIN_CODE_NM,SUB_CODE_NM,USE_YN) values ('MOVIE_NATION','NATION003','제작국가','일본','Y');
Insert into PROJECT.CODE_INFO (MAIN_CODE,SUB_CODE,MAIN_CODE_NM,SUB_CODE_NM,USE_YN) values ('MOVIE_NATION','NATION004','제작국가','중국','Y');
Insert into PROJECT.CODE_INFO (MAIN_CODE,SUB_CODE,MAIN_CODE_NM,SUB_CODE_NM,USE_YN) values ('MOVIE_NATION','NATION005','제작국가','프랑스','Y');
Insert into PROJECT.CODE_INFO (MAIN_CODE,SUB_CODE,MAIN_CODE_NM,SUB_CODE_NM,USE_YN) values ('MOVIE_NATION','NATION006','제작국가','영국','Y');
Insert into PROJECT.CODE_INFO (MAIN_CODE,SUB_CODE,MAIN_CODE_NM,SUB_CODE_NM,USE_YN) values ('MOVIE_NATION','NATION007','제작국가','인도','Y');
Insert into PROJECT.CODE_INFO (MAIN_CODE,SUB_CODE,MAIN_CODE_NM,SUB_CODE_NM,USE_YN) values ('MOVIE_NATION','NATION008','제작국가','기타','Y');
Insert into PROJECT.CODE_INFO (MAIN_CODE,SUB_CODE,MAIN_CODE_NM,SUB_CODE_NM,USE_YN) values ('MOVIE_GENRE','GENRE001','장르','가족','Y');
Insert into PROJECT.CODE_INFO (MAIN_CODE,SUB_CODE,MAIN_CODE_NM,SUB_CODE_NM,USE_YN) values ('MOVIE_GENRE','GENRE002','장르','공포/호러','Y');
Insert into PROJECT.CODE_INFO (MAIN_CODE,SUB_CODE,MAIN_CODE_NM,SUB_CODE_NM,USE_YN) values ('MOVIE_GENRE','GENRE003','장르','드라마','Y');
Insert into PROJECT.CODE_INFO (MAIN_CODE,SUB_CODE,MAIN_CODE_NM,SUB_CODE_NM,USE_YN) values ('MOVIE_GENRE','GENRE004','장르','SF','Y');
Insert into PROJECT.CODE_INFO (MAIN_CODE,SUB_CODE,MAIN_CODE_NM,SUB_CODE_NM,USE_YN) values ('MOVIE_GENRE','GENRE005','장르','멜로/로맨스','Y');
Insert into PROJECT.CODE_INFO (MAIN_CODE,SUB_CODE,MAIN_CODE_NM,SUB_CODE_NM,USE_YN) values ('MOVIE_GENRE','GENRE006','장르','코미디','Y');
Insert into PROJECT.CODE_INFO (MAIN_CODE,SUB_CODE,MAIN_CODE_NM,SUB_CODE_NM,USE_YN) values ('MOVIE_GENRE','GENRE007','장르','애니메이션','Y');
Insert into PROJECT.CODE_INFO (MAIN_CODE,SUB_CODE,MAIN_CODE_NM,SUB_CODE_NM,USE_YN) values ('MOVIE_GENRE','GENRE008','장르','느와르','Y');
Insert into PROJECT.CODE_INFO (MAIN_CODE,SUB_CODE,MAIN_CODE_NM,SUB_CODE_NM,USE_YN) values ('MOVIE_GENRE','GENRE009','장르','단편','Y');
Insert into PROJECT.CODE_INFO (MAIN_CODE,SUB_CODE,MAIN_CODE_NM,SUB_CODE_NM,USE_YN) values ('MOVIE_GENRE','GENRE010','장르','다큐멘터리','Y');
Insert into PROJECT.CODE_INFO (MAIN_CODE,SUB_CODE,MAIN_CODE_NM,SUB_CODE_NM,USE_YN) values ('MOVIE_GENRE','GENRE011','장르','로드무비','Y');
Insert into PROJECT.CODE_INFO (MAIN_CODE,SUB_CODE,MAIN_CODE_NM,SUB_CODE_NM,USE_YN) values ('MOVIE_GENRE','GENRE012','장르','무협','Y');
Insert into PROJECT.CODE_INFO (MAIN_CODE,SUB_CODE,MAIN_CODE_NM,SUB_CODE_NM,USE_YN) values ('MOVIE_GENRE','GENRE013','장르','뮤지컬','Y');
Insert into PROJECT.CODE_INFO (MAIN_CODE,SUB_CODE,MAIN_CODE_NM,SUB_CODE_NM,USE_YN) values ('MOVIE_GENRE','GENRE014','장르','뮤직','Y');
Insert into PROJECT.CODE_INFO (MAIN_CODE,SUB_CODE,MAIN_CODE_NM,SUB_CODE_NM,USE_YN) values ('MOVIE_GENRE','GENRE015','장르','미스터리','Y');
Insert into PROJECT.CODE_INFO (MAIN_CODE,SUB_CODE,MAIN_CODE_NM,SUB_CODE_NM,USE_YN) values ('MOVIE_GENRE','GENRE016','장르','범죄','Y');
Insert into PROJECT.CODE_INFO (MAIN_CODE,SUB_CODE,MAIN_CODE_NM,SUB_CODE_NM,USE_YN) values ('MOVIE_GENRE','GENRE017','장르','옴니버스','Y');
Insert into PROJECT.CODE_INFO (MAIN_CODE,SUB_CODE,MAIN_CODE_NM,SUB_CODE_NM,USE_YN) values ('MOVIE_GENRE','GENRE018','장르','서부','Y');
Insert into PROJECT.CODE_INFO (MAIN_CODE,SUB_CODE,MAIN_CODE_NM,SUB_CODE_NM,USE_YN) values ('MOVIE_GENRE','GENRE019','장르','스릴러','Y');
Insert into PROJECT.CODE_INFO (MAIN_CODE,SUB_CODE,MAIN_CODE_NM,SUB_CODE_NM,USE_YN) values ('MOVIE_GENRE','GENRE020','장르','스포츠','Y');
Insert into PROJECT.CODE_INFO (MAIN_CODE,SUB_CODE,MAIN_CODE_NM,SUB_CODE_NM,USE_YN) values ('MOVIE_GENRE','GENRE021','장르','시대극/사극','Y');
Insert into PROJECT.CODE_INFO (MAIN_CODE,SUB_CODE,MAIN_CODE_NM,SUB_CODE_NM,USE_YN) values ('MOVIE_GENRE','GENRE022','장르','아동','Y');
Insert into PROJECT.CODE_INFO (MAIN_CODE,SUB_CODE,MAIN_CODE_NM,SUB_CODE_NM,USE_YN) values ('MOVIE_GENRE','GENRE023','장르','액션','Y');
Insert into PROJECT.CODE_INFO (MAIN_CODE,SUB_CODE,MAIN_CODE_NM,SUB_CODE_NM,USE_YN) values ('MOVIE_GENRE','GENRE024','장르','어드벤쳐','Y');
Insert into PROJECT.CODE_INFO (MAIN_CODE,SUB_CODE,MAIN_CODE_NM,SUB_CODE_NM,USE_YN) values ('MOVIE_GENRE','GENRE025','장르','역사','Y');
Insert into PROJECT.CODE_INFO (MAIN_CODE,SUB_CODE,MAIN_CODE_NM,SUB_CODE_NM,USE_YN) values ('MOVIE_GENRE','GENRE026','장르','전기','Y');
Insert into PROJECT.CODE_INFO (MAIN_CODE,SUB_CODE,MAIN_CODE_NM,SUB_CODE_NM,USE_YN) values ('MOVIE_GENRE','GENRE027','장르','전쟁','Y');
Insert into PROJECT.CODE_INFO (MAIN_CODE,SUB_CODE,MAIN_CODE_NM,SUB_CODE_NM,USE_YN) values ('MOVIE_GENRE','GENRE028','장르','종교','Y');
Insert into PROJECT.CODE_INFO (MAIN_CODE,SUB_CODE,MAIN_CODE_NM,SUB_CODE_NM,USE_YN) values ('MOVIE_GENRE','GENRE029','장르','재난','Y');
Insert into PROJECT.CODE_INFO (MAIN_CODE,SUB_CODE,MAIN_CODE_NM,SUB_CODE_NM,USE_YN) values ('MOVIE_GENRE','GENRE030','장르','청춘영화','Y');
Insert into PROJECT.CODE_INFO (MAIN_CODE,SUB_CODE,MAIN_CODE_NM,SUB_CODE_NM,USE_YN) values ('MOVIE_GENRE','GENRE031','장르','퀴어','Y');
Insert into PROJECT.CODE_INFO (MAIN_CODE,SUB_CODE,MAIN_CODE_NM,SUB_CODE_NM,USE_YN) values ('MOVIE_GENRE','GENRE032','장르','환타지','Y');
Insert into PROJECT.CODE_INFO (MAIN_CODE,SUB_CODE,MAIN_CODE_NM,SUB_CODE_NM,USE_YN) values ('MOVIE_GENRE','GENRE033','장르','학원물','Y');
Insert into PROJECT.CODE_INFO (MAIN_CODE,SUB_CODE,MAIN_CODE_NM,SUB_CODE_NM,USE_YN) values ('MOVIE_GENRE','GENRE034','장르','에로','Y');
Insert into PROJECT.CODE_INFO (MAIN_CODE,SUB_CODE,MAIN_CODE_NM,SUB_CODE_NM,USE_YN) values ('MOVIE_GENRE','GENRE035','장르','기타','Y');
Insert into PROJECT.CODE_INFO (MAIN_CODE,SUB_CODE,MAIN_CODE_NM,SUB_CODE_NM,USE_YN) values ('THEATER_AREA','AREA001','지역','서울','Y');
Insert into PROJECT.CODE_INFO (MAIN_CODE,SUB_CODE,MAIN_CODE_NM,SUB_CODE_NM,USE_YN) values ('THEATER_AREA','AREA002','지역','인천','Y');
Insert into PROJECT.CODE_INFO (MAIN_CODE,SUB_CODE,MAIN_CODE_NM,SUB_CODE_NM,USE_YN) values ('THEATER_AREA','AREA003','지역','경기','Y');
Insert into PROJECT.CODE_INFO (MAIN_CODE,SUB_CODE,MAIN_CODE_NM,SUB_CODE_NM,USE_YN) values ('THEATER_AREA','AREA004','지역','강원','Y');
Insert into PROJECT.CODE_INFO (MAIN_CODE,SUB_CODE,MAIN_CODE_NM,SUB_CODE_NM,USE_YN) values ('THEATER_AREA','AREA005','지역','대전/충청','Y');
Insert into PROJECT.CODE_INFO (MAIN_CODE,SUB_CODE,MAIN_CODE_NM,SUB_CODE_NM,USE_YN) values ('THEATER_AREA','AREA006','지역','광주/전라','Y');
Insert into PROJECT.CODE_INFO (MAIN_CODE,SUB_CODE,MAIN_CODE_NM,SUB_CODE_NM,USE_YN) values ('THEATER_AREA','AREA007','지역','대구/울산/부산','Y');
Insert into PROJECT.CODE_INFO (MAIN_CODE,SUB_CODE,MAIN_CODE_NM,SUB_CODE_NM,USE_YN) values ('THEATER_AREA','AREA008','지역','경상','Y');
Insert into PROJECT.CODE_INFO (MAIN_CODE,SUB_CODE,MAIN_CODE_NM,SUB_CODE_NM,USE_YN) values ('THEATER_AREA','AREA009','지역','제주','Y');
REM INSERTING into PROJECT.DISCNT_SYS
SET DEFINE OFF;
Insert into PROJECT.DISCNT_SYS (USER_RATING,DISCOUNT_RATE) values (1,0.1);
Insert into PROJECT.DISCNT_SYS (USER_RATING,DISCOUNT_RATE) values (2,0.2);
Insert into PROJECT.DISCNT_SYS (USER_RATING,DISCOUNT_RATE) values (3,0.3);
REM INSERTING into PROJECT.IDS
SET DEFINE OFF;
Insert into PROJECT.IDS (TABLE_NAME,NEXT_ID) values ('NO_U_INFO',24);
Insert into PROJECT.IDS (TABLE_NAME,NEXT_ID) values ('REPLY',293);
Insert into PROJECT.IDS (TABLE_NAME,NEXT_ID) values ('BOOKING',130);
Insert into PROJECT.IDS (TABLE_NAME,NEXT_ID) values ('PAY',130);
Insert into PROJECT.IDS (TABLE_NAME,NEXT_ID) values ('MOVIE',52);
Insert into PROJECT.IDS (TABLE_NAME,NEXT_ID) values ('THEATER',58);
Insert into PROJECT.IDS (TABLE_NAME,NEXT_ID) values ('CINEMA',91);
Insert into PROJECT.IDS (TABLE_NAME,NEXT_ID) values ('CINEMA_TYPE',8);
Insert into PROJECT.IDS (TABLE_NAME,NEXT_ID) values ('TIME_TYPE',10);
Insert into PROJECT.IDS (TABLE_NAME,NEXT_ID) values ('SHOW',217);
Insert into PROJECT.IDS (TABLE_NAME,NEXT_ID) values ('TEST',1);
REM INSERTING into PROJECT.MOVIE_INFO
SET DEFINE OFF;
Insert into PROJECT.MOVIE_INFO (MOVIE_ID,MOVIE_NM,MOVIE_INTRO,MOVIE_ACTOR,MOVIE_DIRECTOR,MOVIE_GENRE1,MOVIE_GENRE2,MOVIE_GENRE3,MOVIE_RELEASE_DATE,MOVIE_SHOWING_YN,MOVIE_RATING,MOVIE_SHOWING_TIME,MOVIE_NATION) values ('MOVIE00001','곡성','으앙 무서워','곽도원','나홍진','공포/호러','미스터리',null,'2016-05-16','종영','청소년 관람불가','120','한국');
Insert into PROJECT.MOVIE_INFO (MOVIE_ID,MOVIE_NM,MOVIE_INTRO,MOVIE_ACTOR,MOVIE_DIRECTOR,MOVIE_GENRE1,MOVIE_GENRE2,MOVIE_GENRE3,MOVIE_RELEASE_DATE,MOVIE_SHOWING_YN,MOVIE_RATING,MOVIE_SHOWING_TIME,MOVIE_NATION) values ('MOVIE00005','미씽','슬퍼','공효진','지성요','미스테리','공포/호러',null,'2016-11-30','상영 중','전체 관람가','100','한국');
Insert into PROJECT.MOVIE_INFO (MOVIE_ID,MOVIE_NM,MOVIE_INTRO,MOVIE_ACTOR,MOVIE_DIRECTOR,MOVIE_GENRE1,MOVIE_GENRE2,MOVIE_GENRE3,MOVIE_RELEASE_DATE,MOVIE_SHOWING_YN,MOVIE_RATING,MOVIE_SHOWING_TIME,MOVIE_NATION) values ('MOVIE00002','럭키','성공률 100% 완벽한 킬러!
목욕탕 Key 때문에 무명배우로 삶이 뒤바뀌다?!
 
냉혹한 킬러 형욱(유해진)은 사건 처리 후 우연히 들른
목욕탕에서 비누를 밟고 넘어져 과거의 기억을 잃게 된다.
인기도, 삶의 의욕도 없어 죽기로 결심한 무명배우 재성(이준)은
신변 정리를 위해 들른 목욕탕에서 그런 형욱을 보게 되고,
자신과 그의 목욕탕 키를 바꿔 도망친다.
 
인생에 단 한번 찾아온 초대형 기회! 초특급 반전!
이것이 LUCK.KEY 다!','유해진','차승원','코미디',null,null,'2017-12-14','상영 중','전체 관람가','130','한국');
Insert into PROJECT.MOVIE_INFO (MOVIE_ID,MOVIE_NM,MOVIE_INTRO,MOVIE_ACTOR,MOVIE_DIRECTOR,MOVIE_GENRE1,MOVIE_GENRE2,MOVIE_GENRE3,MOVIE_RELEASE_DATE,MOVIE_SHOWING_YN,MOVIE_RATING,MOVIE_SHOWING_TIME,MOVIE_NATION) values ('MOVIE00004','형','조정석짱','조정석,디오','권수경','SF','SF','드라마','2017-01-31','상영 중','전체 관람가','120','한국');
Insert into PROJECT.MOVIE_INFO (MOVIE_ID,MOVIE_NM,MOVIE_INTRO,MOVIE_ACTOR,MOVIE_DIRECTOR,MOVIE_GENRE1,MOVIE_GENRE2,MOVIE_GENRE3,MOVIE_RELEASE_DATE,MOVIE_SHOWING_YN,MOVIE_RATING,MOVIE_SHOWING_TIME,MOVIE_NATION) values ('MOVIE00051','영화','소개','배우','감독','드라마','공포/호러','SF','2016-12-21','상영 중','전체 관람가','120','한국');
Insert into PROJECT.MOVIE_INFO (MOVIE_ID,MOVIE_NM,MOVIE_INTRO,MOVIE_ACTOR,MOVIE_DIRECTOR,MOVIE_GENRE1,MOVIE_GENRE2,MOVIE_GENRE3,MOVIE_RELEASE_DATE,MOVIE_SHOWING_YN,MOVIE_RATING,MOVIE_SHOWING_TIME,MOVIE_NATION) values ('MOVIE00017','신비한 동물사전','올ㅋ','외국애들','외국인','어드벤쳐',null,null,'2016-12-04','상영 중','전체 관람가','130','미국');
Insert into PROJECT.MOVIE_INFO (MOVIE_ID,MOVIE_NM,MOVIE_INTRO,MOVIE_ACTOR,MOVIE_DIRECTOR,MOVIE_GENRE1,MOVIE_GENRE2,MOVIE_GENRE3,MOVIE_RELEASE_DATE,MOVIE_SHOWING_YN,MOVIE_RATING,MOVIE_SHOWING_TIME,MOVIE_NATION) values ('MOVIE00018','잭 리처: 네버 고 백','잼씀','탐 크루즈','지인','애니메이션',null,null,'2016-12-11','상영 중','전체 관람가','140','한국');
Insert into PROJECT.MOVIE_INFO (MOVIE_ID,MOVIE_NM,MOVIE_INTRO,MOVIE_ACTOR,MOVIE_DIRECTOR,MOVIE_GENRE1,MOVIE_GENRE2,MOVIE_GENRE3,MOVIE_RELEASE_DATE,MOVIE_SHOWING_YN,MOVIE_RATING,MOVIE_SHOWING_TIME,MOVIE_NATION) values ('MOVIE00019','테일 오브 테일즈','모름','모름','모른다','범죄',null,null,'2016-12-08','상영 중','전체 관람가','100','한국');
Insert into PROJECT.MOVIE_INFO (MOVIE_ID,MOVIE_NM,MOVIE_INTRO,MOVIE_ACTOR,MOVIE_DIRECTOR,MOVIE_GENRE1,MOVIE_GENRE2,MOVIE_GENRE3,MOVIE_RELEASE_DATE,MOVIE_SHOWING_YN,MOVIE_RATING,MOVIE_SHOWING_TIME,MOVIE_NATION) values ('MOVIE00020','언더월드: 블러드 워','신난','여자','남자','단편','SF','SF','2016-12-14','상영 중','15세 이상 관람가','150','한국');
Insert into PROJECT.MOVIE_INFO (MOVIE_ID,MOVIE_NM,MOVIE_INTRO,MOVIE_ACTOR,MOVIE_DIRECTOR,MOVIE_GENRE1,MOVIE_GENRE2,MOVIE_GENRE3,MOVIE_RELEASE_DATE,MOVIE_SHOWING_YN,MOVIE_RATING,MOVIE_SHOWING_TIME,MOVIE_NATION) values ('MOVIE00021','미스 사이공','캬캬','사이공','미스','재난',null,null,'2016-12-16','상영 중','전체 관람가','130','한국');
Insert into PROJECT.MOVIE_INFO (MOVIE_ID,MOVIE_NM,MOVIE_INTRO,MOVIE_ACTOR,MOVIE_DIRECTOR,MOVIE_GENRE1,MOVIE_GENRE2,MOVIE_GENRE3,MOVIE_RELEASE_DATE,MOVIE_SHOWING_YN,MOVIE_RATING,MOVIE_SHOWING_TIME,MOVIE_NATION) values ('MOVIE00022','나, 다니엘 블레이크','잼있나','블레이크','블레이크 친구','단편',null,null,'2016-12-09','상영 중','전체 관람가','140','한국');
Insert into PROJECT.MOVIE_INFO (MOVIE_ID,MOVIE_NM,MOVIE_INTRO,MOVIE_ACTOR,MOVIE_DIRECTOR,MOVIE_GENRE1,MOVIE_GENRE2,MOVIE_GENRE3,MOVIE_RELEASE_DATE,MOVIE_SHOWING_YN,MOVIE_RATING,MOVIE_SHOWING_TIME,MOVIE_NATION) values ('MOVIE00024','비치온더비치','캬뱌','비치','온더','무협',null,null,'2016-12-10','상영 중','전체 관람가','140','한국');
Insert into PROJECT.MOVIE_INFO (MOVIE_ID,MOVIE_NM,MOVIE_INTRO,MOVIE_ACTOR,MOVIE_DIRECTOR,MOVIE_GENRE1,MOVIE_GENRE2,MOVIE_GENRE3,MOVIE_RELEASE_DATE,MOVIE_SHOWING_YN,MOVIE_RATING,MOVIE_SHOWING_TIME,MOVIE_NATION) values ('MOVIE00025','라라랜드','우울','라라','랄랄','멜로/로맨스',null,'SF','2016-12-22','상영 중','전체 관람가','134','한국');
Insert into PROJECT.MOVIE_INFO (MOVIE_ID,MOVIE_NM,MOVIE_INTRO,MOVIE_ACTOR,MOVIE_DIRECTOR,MOVIE_GENRE1,MOVIE_GENRE2,MOVIE_GENRE3,MOVIE_RELEASE_DATE,MOVIE_SHOWING_YN,MOVIE_RATING,MOVIE_SHOWING_TIME,MOVIE_NATION) values ('MOVIE00026','아기배달부 스토크','애기','아기','어린이','멜로/로맨스',null,null,'2016-12-10','상영 중','청소년 관람불가','134','한국');
Insert into PROJECT.MOVIE_INFO (MOVIE_ID,MOVIE_NM,MOVIE_INTRO,MOVIE_ACTOR,MOVIE_DIRECTOR,MOVIE_GENRE1,MOVIE_GENRE2,MOVIE_GENRE3,MOVIE_RELEASE_DATE,MOVIE_SHOWING_YN,MOVIE_RATING,MOVIE_SHOWING_TIME,MOVIE_NATION) values ('MOVIE00027','판도라','오','제우스','하데스','뮤지컬',null,null,'2016-12-24','상영 중','전체 관람가','123','한국');
REM INSERTING into PROJECT.NO_U_INFO
SET DEFINE OFF;
Insert into PROJECT.NO_U_INFO (NO_U_ID,NO_U_PW,NO_U_BIRTH,NO_U_NM,NO_U_MOBILE_CARRIER,NO_U_HP) values ('guest14','1111','19991010','회원','skt','01133333333');
Insert into PROJECT.NO_U_INFO (NO_U_ID,NO_U_PW,NO_U_BIRTH,NO_U_NM,NO_U_MOBILE_CARRIER,NO_U_HP) values ('guest15','1111','11111111','이름이름','skt','01011111111');
Insert into PROJECT.NO_U_INFO (NO_U_ID,NO_U_PW,NO_U_BIRTH,NO_U_NM,NO_U_MOBILE_CARRIER,NO_U_HP) values ('guest2','1111','19920203','이회원','skt','01022223333');
Insert into PROJECT.NO_U_INFO (NO_U_ID,NO_U_PW,NO_U_BIRTH,NO_U_NM,NO_U_MOBILE_CARRIER,NO_U_HP) values ('guest6','1234','19921016','홍훈희','kt','01032050000');
Insert into PROJECT.NO_U_INFO (NO_U_ID,NO_U_PW,NO_U_BIRTH,NO_U_NM,NO_U_MOBILE_CARRIER,NO_U_HP) values ('guest7','1234','19921016','홍훈희','skt','01032058197');
Insert into PROJECT.NO_U_INFO (NO_U_ID,NO_U_PW,NO_U_BIRTH,NO_U_NM,NO_U_MOBILE_CARRIER,NO_U_HP) values ('guest20','1234','12341234','123','kt','01012341234');
Insert into PROJECT.NO_U_INFO (NO_U_ID,NO_U_PW,NO_U_BIRTH,NO_U_NM,NO_U_MOBILE_CARRIER,NO_U_HP) values ('guest3','1234','19910516','김용진','skt','01049039265');
Insert into PROJECT.NO_U_INFO (NO_U_ID,NO_U_PW,NO_U_BIRTH,NO_U_NM,NO_U_MOBILE_CARRIER,NO_U_HP) values ('mjw','1111','19990103','김회원','lg','01033339999');
Insert into PROJECT.NO_U_INFO (NO_U_ID,NO_U_PW,NO_U_BIRTH,NO_U_NM,NO_U_MOBILE_CARRIER,NO_U_HP) values ('guest4','9538','19910516','김용진','skt','01049039265');
Insert into PROJECT.NO_U_INFO (NO_U_ID,NO_U_PW,NO_U_BIRTH,NO_U_NM,NO_U_MOBILE_CARRIER,NO_U_HP) values ('guest5','1234','19910516','김용진','skt','01049039265');
Insert into PROJECT.NO_U_INFO (NO_U_ID,NO_U_PW,NO_U_BIRTH,NO_U_NM,NO_U_MOBILE_CARRIER,NO_U_HP) values ('guest11','1111','19980403','하하','skt','01012341223');
Insert into PROJECT.NO_U_INFO (NO_U_ID,NO_U_PW,NO_U_BIRTH,NO_U_NM,NO_U_MOBILE_CARRIER,NO_U_HP) values ('guest12','1111','19910301','욘지니','kt','01012341234');
Insert into PROJECT.NO_U_INFO (NO_U_ID,NO_U_PW,NO_U_BIRTH,NO_U_NM,NO_U_MOBILE_CARRIER,NO_U_HP) values ('guest18','1111','19910516','김용진','skt','01049039265');
Insert into PROJECT.NO_U_INFO (NO_U_ID,NO_U_PW,NO_U_BIRTH,NO_U_NM,NO_U_MOBILE_CARRIER,NO_U_HP) values ('guest19','1234','19910516','김용진','skt','01049039265');
Insert into PROJECT.NO_U_INFO (NO_U_ID,NO_U_PW,NO_U_BIRTH,NO_U_NM,NO_U_MOBILE_CARRIER,NO_U_HP) values ('guest21','1234','12341234','123','kt','01012341234');
Insert into PROJECT.NO_U_INFO (NO_U_ID,NO_U_PW,NO_U_BIRTH,NO_U_NM,NO_U_MOBILE_CARRIER,NO_U_HP) values ('guest22','1111','19911018','원미정','skt','01033333333');
Insert into PROJECT.NO_U_INFO (NO_U_ID,NO_U_PW,NO_U_BIRTH,NO_U_NM,NO_U_MOBILE_CARRIER,NO_U_HP) values ('guest23','1111','19911018','원미정','skt','01033333333');
Insert into PROJECT.NO_U_INFO (NO_U_ID,NO_U_PW,NO_U_BIRTH,NO_U_NM,NO_U_MOBILE_CARRIER,NO_U_HP) values ('hong','123','19921016','홍훈희','kt','01032053333');
Insert into PROJECT.NO_U_INFO (NO_U_ID,NO_U_PW,NO_U_BIRTH,NO_U_NM,NO_U_MOBILE_CARRIER,NO_U_HP) values ('guest8','1234','19910516','김용진','skt','01049034859');
Insert into PROJECT.NO_U_INFO (NO_U_ID,NO_U_PW,NO_U_BIRTH,NO_U_NM,NO_U_MOBILE_CARRIER,NO_U_HP) values ('guest9','1111','13450902','티라노','kt','01012341234');
Insert into PROJECT.NO_U_INFO (NO_U_ID,NO_U_PW,NO_U_BIRTH,NO_U_NM,NO_U_MOBILE_CARRIER,NO_U_HP) values ('guest10','1111','19910516','사우루스','skt','01012341234');
Insert into PROJECT.NO_U_INFO (NO_U_ID,NO_U_PW,NO_U_BIRTH,NO_U_NM,NO_U_MOBILE_CARRIER,NO_U_HP) values ('guest13','1111','19991010','이름','skt','01011111111');
Insert into PROJECT.NO_U_INFO (NO_U_ID,NO_U_PW,NO_U_BIRTH,NO_U_NM,NO_U_MOBILE_CARRIER,NO_U_HP) values ('guest16','1234','19910430','김용진','skt','01023432342');
Insert into PROJECT.NO_U_INFO (NO_U_ID,NO_U_PW,NO_U_BIRTH,NO_U_NM,NO_U_MOBILE_CARRIER,NO_U_HP) values ('guest17','1111','12341233','캬캬캬','kt','01112311231');
REM INSERTING into PROJECT.PAY_INFO
SET DEFINE OFF;
Insert into PROJECT.PAY_INFO (PAY_ID,PAY_AMNT,PAY_DATE,USER_ID,NO_U_ID,BOOKING_ID) values ('PAY00118',7000,'16/12/21','chltjdgk',null,'BOOKING00118');
Insert into PROJECT.PAY_INFO (PAY_ID,PAY_AMNT,PAY_DATE,USER_ID,NO_U_ID,BOOKING_ID) values ('PAY00119',12000,'16/12/21','junyeon',null,'BOOKING00119');
Insert into PROJECT.PAY_INFO (PAY_ID,PAY_AMNT,PAY_DATE,USER_ID,NO_U_ID,BOOKING_ID) values ('PAY00116',13000,'16/12/21','dydwls',null,'BOOKING00116');
Insert into PROJECT.PAY_INFO (PAY_ID,PAY_AMNT,PAY_DATE,USER_ID,NO_U_ID,BOOKING_ID) values ('PAY00117',7000,'16/12/21','dydwls1',null,'BOOKING00117');
Insert into PROJECT.PAY_INFO (PAY_ID,PAY_AMNT,PAY_DATE,USER_ID,NO_U_ID,BOOKING_ID) values ('PAY00121',14000,'16/12/21','izee1234',null,'BOOKING00121');
Insert into PROJECT.PAY_INFO (PAY_ID,PAY_AMNT,PAY_DATE,USER_ID,NO_U_ID,BOOKING_ID) values ('PAY00123',12000,'16/12/21','hahahaha',null,'BOOKING00123');
Insert into PROJECT.PAY_INFO (PAY_ID,PAY_AMNT,PAY_DATE,USER_ID,NO_U_ID,BOOKING_ID) values ('PAY00124',12000,'16/12/21',null,'guest20','BOOKING00124');
Insert into PROJECT.PAY_INFO (PAY_ID,PAY_AMNT,PAY_DATE,USER_ID,NO_U_ID,BOOKING_ID) values ('PAY00105',7000,'16/12/21','rladydwls',null,'BOOKING00105');
Insert into PROJECT.PAY_INFO (PAY_ID,PAY_AMNT,PAY_DATE,USER_ID,NO_U_ID,BOOKING_ID) values ('PAY00106',13000,'16/12/21','dydwls',null,'BOOKING00106');
Insert into PROJECT.PAY_INFO (PAY_ID,PAY_AMNT,PAY_DATE,USER_ID,NO_U_ID,BOOKING_ID) values ('PAY00107',10000,'16/12/21','dydwls',null,'BOOKING00107');
Insert into PROJECT.PAY_INFO (PAY_ID,PAY_AMNT,PAY_DATE,USER_ID,NO_U_ID,BOOKING_ID) values ('PAY00108',7000,'16/12/21','dydwls',null,'BOOKING00108');
Insert into PROJECT.PAY_INFO (PAY_ID,PAY_AMNT,PAY_DATE,USER_ID,NO_U_ID,BOOKING_ID) values ('PAY00109',9000,'16/12/21','dydwls',null,'BOOKING00109');
Insert into PROJECT.PAY_INFO (PAY_ID,PAY_AMNT,PAY_DATE,USER_ID,NO_U_ID,BOOKING_ID) values ('PAY00110',8000,'16/12/21','dydwls',null,'BOOKING00110');
Insert into PROJECT.PAY_INFO (PAY_ID,PAY_AMNT,PAY_DATE,USER_ID,NO_U_ID,BOOKING_ID) values ('PAY00111',13000,'16/12/21','dydwls',null,'BOOKING00111');
Insert into PROJECT.PAY_INFO (PAY_ID,PAY_AMNT,PAY_DATE,USER_ID,NO_U_ID,BOOKING_ID) values ('PAY00112',8000,'16/12/21','dydwls',null,'BOOKING00112');
Insert into PROJECT.PAY_INFO (PAY_ID,PAY_AMNT,PAY_DATE,USER_ID,NO_U_ID,BOOKING_ID) values ('PAY00113',12000,'16/12/21','dydwls',null,'BOOKING00113');
Insert into PROJECT.PAY_INFO (PAY_ID,PAY_AMNT,PAY_DATE,USER_ID,NO_U_ID,BOOKING_ID) values ('PAY00114',14000,'16/12/21','dydwls',null,'BOOKING00114');
Insert into PROJECT.PAY_INFO (PAY_ID,PAY_AMNT,PAY_DATE,USER_ID,NO_U_ID,BOOKING_ID) values ('PAY00115',14000,'16/12/21','dydwls',null,'BOOKING00115');
Insert into PROJECT.PAY_INFO (PAY_ID,PAY_AMNT,PAY_DATE,USER_ID,NO_U_ID,BOOKING_ID) values ('PAY00103',7000,'16/12/21','rladydwls',null,'BOOKING00103');
Insert into PROJECT.PAY_INFO (PAY_ID,PAY_AMNT,PAY_DATE,USER_ID,NO_U_ID,BOOKING_ID) values ('PAY00104',7000,'16/12/21','rladydwls',null,'BOOKING00104');
Insert into PROJECT.PAY_INFO (PAY_ID,PAY_AMNT,PAY_DATE,USER_ID,NO_U_ID,BOOKING_ID) values ('PAY00125',14000,'16/12/21',null,'guest21','BOOKING00125');
Insert into PROJECT.PAY_INFO (PAY_ID,PAY_AMNT,PAY_DATE,USER_ID,NO_U_ID,BOOKING_ID) values ('PAY00129',12000,'16/12/21',null,'guest23','BOOKING00129');
Insert into PROJECT.PAY_INFO (PAY_ID,PAY_AMNT,PAY_DATE,USER_ID,NO_U_ID,BOOKING_ID) values ('PAY00120',7000,'16/12/21','chltjdgk',null,'BOOKING00120');
Insert into PROJECT.PAY_INFO (PAY_ID,PAY_AMNT,PAY_DATE,USER_ID,NO_U_ID,BOOKING_ID) values ('PAY00127',8000,'16/12/21','hyebin',null,'BOOKING00127');
Insert into PROJECT.PAY_INFO (PAY_ID,PAY_AMNT,PAY_DATE,USER_ID,NO_U_ID,BOOKING_ID) values ('PAY00128',7000,'16/12/21',null,'guest22','BOOKING00128');
Insert into PROJECT.PAY_INFO (PAY_ID,PAY_AMNT,PAY_DATE,USER_ID,NO_U_ID,BOOKING_ID) values ('PAY00122',8000,'16/12/21','hyebin',null,'BOOKING00122');
REM INSERTING into PROJECT.REPLY_INFO
SET DEFINE OFF;
Insert into PROJECT.REPLY_INFO (REPLY_ID,REPLY_GRADE,REPLY_CONTENT,USER_ID,MOVIE_ID) values ('REPLY00289',3,'평잼','izee1234','MOVIE00018');
Insert into PROJECT.REPLY_INFO (REPLY_ID,REPLY_GRADE,REPLY_CONTENT,USER_ID,MOVIE_ID) values ('REPLY00287',3,'평잼','izee1234','MOVIE00018');
Insert into PROJECT.REPLY_INFO (REPLY_ID,REPLY_GRADE,REPLY_CONTENT,USER_ID,MOVIE_ID) values ('REPLY00288',3,'평잼','izee1234','MOVIE00018');
Insert into PROJECT.REPLY_INFO (REPLY_ID,REPLY_GRADE,REPLY_CONTENT,USER_ID,MOVIE_ID) values ('REPLY00286',3,'평잼','izee1234','MOVIE00018');
Insert into PROJECT.REPLY_INFO (REPLY_ID,REPLY_GRADE,REPLY_CONTENT,USER_ID,MOVIE_ID) values ('REPLY00290',4,'굳','hyebin','MOVIE00022');
REM INSERTING into PROJECT.SHOW_INFO
SET DEFINE OFF;
Insert into PROJECT.SHOW_INFO (SHOW_ID,MOVIE_ID,THEATER_ID,CINEMA_ID,TIME_TYPE_ID,START_TIME,SHOW_DATE) values ('SHOW00169','MOVIE00025','THEATER00028','CINEMA00059','TIME00001','08:10','2016-12-21');
Insert into PROJECT.SHOW_INFO (SHOW_ID,MOVIE_ID,THEATER_ID,CINEMA_ID,TIME_TYPE_ID,START_TIME,SHOW_DATE) values ('SHOW00170','MOVIE00017','THEATER00024','CINEMA00049','TIME00001','06:10','2016-12-21');
Insert into PROJECT.SHOW_INFO (SHOW_ID,MOVIE_ID,THEATER_ID,CINEMA_ID,TIME_TYPE_ID,START_TIME,SHOW_DATE) values ('SHOW00171','MOVIE00019','THEATER00022','CINEMA00041','TIME00002','15:30','2016-12-21');
Insert into PROJECT.SHOW_INFO (SHOW_ID,MOVIE_ID,THEATER_ID,CINEMA_ID,TIME_TYPE_ID,START_TIME,SHOW_DATE) values ('SHOW00173','MOVIE00005','THEATER00019','CINEMA00032','TIME00002','14:20','2016-12-21');
Insert into PROJECT.SHOW_INFO (SHOW_ID,MOVIE_ID,THEATER_ID,CINEMA_ID,TIME_TYPE_ID,START_TIME,SHOW_DATE) values ('SHOW00175','MOVIE00021','THEATER00029','CINEMA00062','TIME00002','14:20','2016-12-21');
Insert into PROJECT.SHOW_INFO (SHOW_ID,MOVIE_ID,THEATER_ID,CINEMA_ID,TIME_TYPE_ID,START_TIME,SHOW_DATE) values ('SHOW00177','MOVIE00026','THEATER00001','CINEMA00002','TIME00003','25:20','2016-12-21');
Insert into PROJECT.SHOW_INFO (SHOW_ID,MOVIE_ID,THEATER_ID,CINEMA_ID,TIME_TYPE_ID,START_TIME,SHOW_DATE) values ('SHOW00179','MOVIE00019','THEATER00027','CINEMA00058','TIME00002','15:20','2016-12-22');
Insert into PROJECT.SHOW_INFO (SHOW_ID,MOVIE_ID,THEATER_ID,CINEMA_ID,TIME_TYPE_ID,START_TIME,SHOW_DATE) values ('SHOW00180','MOVIE00019','THEATER00025','CINEMA00052','TIME00001','24:00','2016-12-24');
Insert into PROJECT.SHOW_INFO (SHOW_ID,MOVIE_ID,THEATER_ID,CINEMA_ID,TIME_TYPE_ID,START_TIME,SHOW_DATE) values ('SHOW00182','MOVIE00018','THEATER00030','CINEMA00066','TIME00001','06:23','2016-12-22');
Insert into PROJECT.SHOW_INFO (SHOW_ID,MOVIE_ID,THEATER_ID,CINEMA_ID,TIME_TYPE_ID,START_TIME,SHOW_DATE) values ('SHOW00184','MOVIE00020','THEATER00015','CINEMA00020','TIME00001','15:00','2016-12-24');
Insert into PROJECT.SHOW_INFO (SHOW_ID,MOVIE_ID,THEATER_ID,CINEMA_ID,TIME_TYPE_ID,START_TIME,SHOW_DATE) values ('SHOW00167','MOVIE00027','THEATER00032','CINEMA00072','TIME00002','14:20','2016-12-21');
Insert into PROJECT.SHOW_INFO (SHOW_ID,MOVIE_ID,THEATER_ID,CINEMA_ID,TIME_TYPE_ID,START_TIME,SHOW_DATE) values ('SHOW00168','MOVIE00026','THEATER00030','CINEMA00067','TIME00003','23:20','2016-12-21');
Insert into PROJECT.SHOW_INFO (SHOW_ID,MOVIE_ID,THEATER_ID,CINEMA_ID,TIME_TYPE_ID,START_TIME,SHOW_DATE) values ('SHOW00185','MOVIE00002','THEATER00017','CINEMA00024','TIME00009','08:20','2016-12-26');
Insert into PROJECT.SHOW_INFO (SHOW_ID,MOVIE_ID,THEATER_ID,CINEMA_ID,TIME_TYPE_ID,START_TIME,SHOW_DATE) values ('SHOW00213','MOVIE00025','THEATER00028','CINEMA00060','TIME00002','14:20','2016-12-25');
Insert into PROJECT.SHOW_INFO (SHOW_ID,MOVIE_ID,THEATER_ID,CINEMA_ID,TIME_TYPE_ID,START_TIME,SHOW_DATE) values ('SHOW00176','MOVIE00025','THEATER00027','CINEMA00057','TIME00003','01:00','2016-12-24');
Insert into PROJECT.SHOW_INFO (SHOW_ID,MOVIE_ID,THEATER_ID,CINEMA_ID,TIME_TYPE_ID,START_TIME,SHOW_DATE) values ('SHOW00178','MOVIE00018','THEATER00027','CINEMA00058','TIME00002','17:20','2016-12-24');
Insert into PROJECT.SHOW_INFO (SHOW_ID,MOVIE_ID,THEATER_ID,CINEMA_ID,TIME_TYPE_ID,START_TIME,SHOW_DATE) values ('SHOW00181','MOVIE00019','THEATER00029','CINEMA00063','TIME00002','13:00','2016-12-26');
Insert into PROJECT.SHOW_INFO (SHOW_ID,MOVIE_ID,THEATER_ID,CINEMA_ID,TIME_TYPE_ID,START_TIME,SHOW_DATE) values ('SHOW00183','MOVIE00020','THEATER00019','CINEMA00033','TIME00001','07:10','2016-12-23');
Insert into PROJECT.SHOW_INFO (SHOW_ID,MOVIE_ID,THEATER_ID,CINEMA_ID,TIME_TYPE_ID,START_TIME,SHOW_DATE) values ('SHOW00186','MOVIE00001','THEATER00010','CINEMA00005','TIME00002','16:20','2016-12-22');
Insert into PROJECT.SHOW_INFO (SHOW_ID,MOVIE_ID,THEATER_ID,CINEMA_ID,TIME_TYPE_ID,START_TIME,SHOW_DATE) values ('SHOW00172','MOVIE00001','THEATER00013','CINEMA00014','TIME00002','11:00','2016-12-25');
Insert into PROJECT.SHOW_INFO (SHOW_ID,MOVIE_ID,THEATER_ID,CINEMA_ID,TIME_TYPE_ID,START_TIME,SHOW_DATE) values ('SHOW00174','MOVIE00025','THEATER00032','CINEMA00072','TIME00001','07:30','2016-12-24');
Insert into PROJECT.SHOW_INFO (SHOW_ID,MOVIE_ID,THEATER_ID,CINEMA_ID,TIME_TYPE_ID,START_TIME,SHOW_DATE) values ('SHOW00187','MOVIE00004','THEATER00026','CINEMA00053','TIME00009','15:20','2016-12-29');
Insert into PROJECT.SHOW_INFO (SHOW_ID,MOVIE_ID,THEATER_ID,CINEMA_ID,TIME_TYPE_ID,START_TIME,SHOW_DATE) values ('SHOW00188','MOVIE00021','THEATER00001','CINEMA00074','TIME00002','14:20','2016-12-26');
Insert into PROJECT.SHOW_INFO (SHOW_ID,MOVIE_ID,THEATER_ID,CINEMA_ID,TIME_TYPE_ID,START_TIME,SHOW_DATE) values ('SHOW00189','MOVIE00024','THEATER00014','CINEMA00016','TIME00001','07:40','2016-12-27');
Insert into PROJECT.SHOW_INFO (SHOW_ID,MOVIE_ID,THEATER_ID,CINEMA_ID,TIME_TYPE_ID,START_TIME,SHOW_DATE) values ('SHOW00190','MOVIE00019','THEATER00018','CINEMA00030','TIME00002','14:20','2016-12-28');
Insert into PROJECT.SHOW_INFO (SHOW_ID,MOVIE_ID,THEATER_ID,CINEMA_ID,TIME_TYPE_ID,START_TIME,SHOW_DATE) values ('SHOW00191','MOVIE00019','THEATER00016','CINEMA00021','TIME00009','05:12','2016-12-15');
Insert into PROJECT.SHOW_INFO (SHOW_ID,MOVIE_ID,THEATER_ID,CINEMA_ID,TIME_TYPE_ID,START_TIME,SHOW_DATE) values ('SHOW00192','MOVIE00019','THEATER00028','CINEMA00059','TIME00009','23:00','2016-12-22');
Insert into PROJECT.SHOW_INFO (SHOW_ID,MOVIE_ID,THEATER_ID,CINEMA_ID,TIME_TYPE_ID,START_TIME,SHOW_DATE) values ('SHOW00193','MOVIE00019','THEATER00024','CINEMA00049','TIME00002','15:00','2016-12-23');
Insert into PROJECT.SHOW_INFO (SHOW_ID,MOVIE_ID,THEATER_ID,CINEMA_ID,TIME_TYPE_ID,START_TIME,SHOW_DATE) values ('SHOW00194','MOVIE00019','THEATER00021','CINEMA00039','TIME00002','16:20','2016-12-27');
Insert into PROJECT.SHOW_INFO (SHOW_ID,MOVIE_ID,THEATER_ID,CINEMA_ID,TIME_TYPE_ID,START_TIME,SHOW_DATE) values ('SHOW00195','MOVIE00019','THEATER00028','CINEMA00060','TIME00002','15:00','2016-12-26');
Insert into PROJECT.SHOW_INFO (SHOW_ID,MOVIE_ID,THEATER_ID,CINEMA_ID,TIME_TYPE_ID,START_TIME,SHOW_DATE) values ('SHOW00196','MOVIE00019','THEATER00028','CINEMA00059','TIME00009','16:20','2016-12-22');
Insert into PROJECT.SHOW_INFO (SHOW_ID,MOVIE_ID,THEATER_ID,CINEMA_ID,TIME_TYPE_ID,START_TIME,SHOW_DATE) values ('SHOW00197','MOVIE00019','THEATER00028','CINEMA00061','TIME00002','17:30','2016-12-23');
Insert into PROJECT.SHOW_INFO (SHOW_ID,MOVIE_ID,THEATER_ID,CINEMA_ID,TIME_TYPE_ID,START_TIME,SHOW_DATE) values ('SHOW00198','MOVIE00019','THEATER00028','CINEMA00059','TIME00003','24:23','2016-12-22');
Insert into PROJECT.SHOW_INFO (SHOW_ID,MOVIE_ID,THEATER_ID,CINEMA_ID,TIME_TYPE_ID,START_TIME,SHOW_DATE) values ('SHOW00199','MOVIE00019','THEATER00028','CINEMA00059','TIME00002','13:20','2016-12-21');
Insert into PROJECT.SHOW_INFO (SHOW_ID,MOVIE_ID,THEATER_ID,CINEMA_ID,TIME_TYPE_ID,START_TIME,SHOW_DATE) values ('SHOW00200','MOVIE00019','THEATER00028','CINEMA00059','TIME00002','16:20','2016-12-25');
Insert into PROJECT.SHOW_INFO (SHOW_ID,MOVIE_ID,THEATER_ID,CINEMA_ID,TIME_TYPE_ID,START_TIME,SHOW_DATE) values ('SHOW00201','MOVIE00019','THEATER00028','CINEMA00061','TIME00002','16:20','2016-12-24');
Insert into PROJECT.SHOW_INFO (SHOW_ID,MOVIE_ID,THEATER_ID,CINEMA_ID,TIME_TYPE_ID,START_TIME,SHOW_DATE) values ('SHOW00202','MOVIE00019','THEATER00028','CINEMA00061','TIME00003','23:20','2016-12-25');
Insert into PROJECT.SHOW_INFO (SHOW_ID,MOVIE_ID,THEATER_ID,CINEMA_ID,TIME_TYPE_ID,START_TIME,SHOW_DATE) values ('SHOW00203','MOVIE00019','THEATER00028','CINEMA00061','TIME00009','03:20','2016-12-25');
Insert into PROJECT.SHOW_INFO (SHOW_ID,MOVIE_ID,THEATER_ID,CINEMA_ID,TIME_TYPE_ID,START_TIME,SHOW_DATE) values ('SHOW00204','MOVIE00019','THEATER00028','CINEMA00060','TIME00002','15:20','2016-12-25');
Insert into PROJECT.SHOW_INFO (SHOW_ID,MOVIE_ID,THEATER_ID,CINEMA_ID,TIME_TYPE_ID,START_TIME,SHOW_DATE) values ('SHOW00205','MOVIE00019','THEATER00028','CINEMA00059','TIME00003','24:30','2016-12-25');
Insert into PROJECT.SHOW_INFO (SHOW_ID,MOVIE_ID,THEATER_ID,CINEMA_ID,TIME_TYPE_ID,START_TIME,SHOW_DATE) values ('SHOW00206','MOVIE00019','THEATER00028','CINEMA00059','TIME00001','06:20','2016-12-25');
Insert into PROJECT.SHOW_INFO (SHOW_ID,MOVIE_ID,THEATER_ID,CINEMA_ID,TIME_TYPE_ID,START_TIME,SHOW_DATE) values ('SHOW00207','MOVIE00019','THEATER00028','CINEMA00077','TIME00002','13:20','2016-12-25');
Insert into PROJECT.SHOW_INFO (SHOW_ID,MOVIE_ID,THEATER_ID,CINEMA_ID,TIME_TYPE_ID,START_TIME,SHOW_DATE) values ('SHOW00208','MOVIE00019','THEATER00028','CINEMA00060','TIME00001','08:20','2016-12-25');
Insert into PROJECT.SHOW_INFO (SHOW_ID,MOVIE_ID,THEATER_ID,CINEMA_ID,TIME_TYPE_ID,START_TIME,SHOW_DATE) values ('SHOW00209','MOVIE00019','THEATER00028','CINEMA00060','TIME00002','15:00','2016-12-25');
Insert into PROJECT.SHOW_INFO (SHOW_ID,MOVIE_ID,THEATER_ID,CINEMA_ID,TIME_TYPE_ID,START_TIME,SHOW_DATE) values ('SHOW00211','MOVIE00019','THEATER00028','CINEMA00059','TIME00009','02:30','2016-12-25');
Insert into PROJECT.SHOW_INFO (SHOW_ID,MOVIE_ID,THEATER_ID,CINEMA_ID,TIME_TYPE_ID,START_TIME,SHOW_DATE) values ('SHOW00212','MOVIE00019','THEATER00028','CINEMA00061','TIME00001','17:30','2016-12-25');
Insert into PROJECT.SHOW_INFO (SHOW_ID,MOVIE_ID,THEATER_ID,CINEMA_ID,TIME_TYPE_ID,START_TIME,SHOW_DATE) values ('SHOW00215','MOVIE00026','THEATER00031','CINEMA00068','TIME00001','06:00','2016-12-22');
REM INSERTING into PROJECT.THEATER_INFO
SET DEFINE OFF;
Insert into PROJECT.THEATER_INFO (THEATER_ID,THEATER_NM,THEATER_OLD_ADDRESS,THEATER_NEW_ADDRESS,THEATER_TEL,THEATER_CINEMA_NUM,THEATER_SEAT_NUM,THEATER_AREA) values ('THEATER00001','홍대CGV','홍대 근처','홍대 어디쯤','1544-1212',2,500,'서울');
Insert into PROJECT.THEATER_INFO (THEATER_ID,THEATER_NM,THEATER_OLD_ADDRESS,THEATER_NEW_ADDRESS,THEATER_TEL,THEATER_CINEMA_NUM,THEATER_SEAT_NUM,THEATER_AREA) values ('THEATER00009','야탑CGV','(구)주소','경기도 성남시 분당구 야탑동 341번지 테마폴리스빌딩 지하2층','1544-1122',1,200,'경기');
Insert into PROJECT.THEATER_INFO (THEATER_ID,THEATER_NM,THEATER_OLD_ADDRESS,THEATER_NEW_ADDRESS,THEATER_TEL,THEATER_CINEMA_NUM,THEATER_SEAT_NUM,THEATER_AREA) values ('THEATER00056','마님하우스','사랑시고백구행복동','고백','1',1,2,'서울');
Insert into PROJECT.THEATER_INFO (THEATER_ID,THEATER_NM,THEATER_OLD_ADDRESS,THEATER_NEW_ADDRESS,THEATER_TEL,THEATER_CINEMA_NUM,THEATER_SEAT_NUM,THEATER_AREA) values ('THEATER00057','극장','주소','새주소','02-333-3333',2,120,'서울');
Insert into PROJECT.THEATER_INFO (THEATER_ID,THEATER_NM,THEATER_OLD_ADDRESS,THEATER_NEW_ADDRESS,THEATER_TEL,THEATER_CINEMA_NUM,THEATER_SEAT_NUM,THEATER_AREA) values ('THEATER00003','판교CGV','(구)주소','경기도 성남시 분당구 백현동 541 현대백화점 5층','1544-1122',7,1432,'경기');
Insert into PROJECT.THEATER_INFO (THEATER_ID,THEATER_NM,THEATER_OLD_ADDRESS,THEATER_NEW_ADDRESS,THEATER_TEL,THEATER_CINEMA_NUM,THEATER_SEAT_NUM,THEATER_AREA) values ('THEATER00002','서현CGV','(구)주소','경기도 성남시 분당구 서현동 256번지 비전월드빌딩 1F','1544-1122',4,455,'경기');
Insert into PROJECT.THEATER_INFO (THEATER_ID,THEATER_NM,THEATER_OLD_ADDRESS,THEATER_NEW_ADDRESS,THEATER_TEL,THEATER_CINEMA_NUM,THEATER_SEAT_NUM,THEATER_AREA) values ('THEATER00010','춘천CGV','춘천어딘가','춘천에','1551-1414',3,600,'강원');
Insert into PROJECT.THEATER_INFO (THEATER_ID,THEATER_NM,THEATER_OLD_ADDRESS,THEATER_NEW_ADDRESS,THEATER_TEL,THEATER_CINEMA_NUM,THEATER_SEAT_NUM,THEATER_AREA) values ('THEATER00011','동수원CGV','동수원아이씨','동수원어딘가','1544-1122',3,540,'경기');
Insert into PROJECT.THEATER_INFO (THEATER_ID,THEATER_NM,THEATER_OLD_ADDRESS,THEATER_NEW_ADDRESS,THEATER_TEL,THEATER_CINEMA_NUM,THEATER_SEAT_NUM,THEATER_AREA) values ('THEATER00012','김포CGV','김포공항','가보고싶다','1544-1212',3,700,'경기');
Insert into PROJECT.THEATER_INFO (THEATER_ID,THEATER_NM,THEATER_OLD_ADDRESS,THEATER_NEW_ADDRESS,THEATER_TEL,THEATER_CINEMA_NUM,THEATER_SEAT_NUM,THEATER_AREA) values ('THEATER00013','인천CGV','인천','넓다','1544-1122',3,512,'인천');
Insert into PROJECT.THEATER_INFO (THEATER_ID,THEATER_NM,THEATER_OLD_ADDRESS,THEATER_NEW_ADDRESS,THEATER_TEL,THEATER_CINEMA_NUM,THEATER_SEAT_NUM,THEATER_AREA) values ('THEATER00014','인천공항CGV','인천공항 안에','여행가고싶다','1544-1122',3,711,'인천');
Insert into PROJECT.THEATER_INFO (THEATER_ID,THEATER_NM,THEATER_OLD_ADDRESS,THEATER_NEW_ADDRESS,THEATER_TEL,THEATER_CINEMA_NUM,THEATER_SEAT_NUM,THEATER_AREA) values ('THEATER00015','부평CGV','부평','부평시름','1551-1414',3,654,'인천');
Insert into PROJECT.THEATER_INFO (THEATER_ID,THEATER_NM,THEATER_OLD_ADDRESS,THEATER_NEW_ADDRESS,THEATER_TEL,THEATER_CINEMA_NUM,THEATER_SEAT_NUM,THEATER_AREA) values ('THEATER00016','강릉CGV','강릉은','바다가고싶다','1544-1212',3,976,'강원');
Insert into PROJECT.THEATER_INFO (THEATER_ID,THEATER_NM,THEATER_OLD_ADDRESS,THEATER_NEW_ADDRESS,THEATER_TEL,THEATER_CINEMA_NUM,THEATER_SEAT_NUM,THEATER_AREA) values ('THEATER00017','원주CGV','원주역','일군지사사령부','1551-1414',3,1045,'강원');
Insert into PROJECT.THEATER_INFO (THEATER_ID,THEATER_NM,THEATER_OLD_ADDRESS,THEATER_NEW_ADDRESS,THEATER_TEL,THEATER_CINEMA_NUM,THEATER_SEAT_NUM,THEATER_AREA) values ('THEATER00018','당진CGV','당진이','어디냐','1551-1414',3,963,'대전/충청');
Insert into PROJECT.THEATER_INFO (THEATER_ID,THEATER_NM,THEATER_OLD_ADDRESS,THEATER_NEW_ADDRESS,THEATER_TEL,THEATER_CINEMA_NUM,THEATER_SEAT_NUM,THEATER_AREA) values ('THEATER00019','천안CGV','천안이','충청이구나','1551-1414',3,1054,'대전/충청');
Insert into PROJECT.THEATER_INFO (THEATER_ID,THEATER_NM,THEATER_OLD_ADDRESS,THEATER_NEW_ADDRESS,THEATER_TEL,THEATER_CINEMA_NUM,THEATER_SEAT_NUM,THEATER_AREA) values ('THEATER00020','대전CGV','대전은','성심당','1551-1414',3,600,'대전/충청');
Insert into PROJECT.THEATER_INFO (THEATER_ID,THEATER_NM,THEATER_OLD_ADDRESS,THEATER_NEW_ADDRESS,THEATER_TEL,THEATER_CINEMA_NUM,THEATER_SEAT_NUM,THEATER_AREA) values ('THEATER00021','세종CGV','세종대왕님','감사합니다','1551-1414',3,636,'대전/충청');
Insert into PROJECT.THEATER_INFO (THEATER_ID,THEATER_NM,THEATER_OLD_ADDRESS,THEATER_NEW_ADDRESS,THEATER_TEL,THEATER_CINEMA_NUM,THEATER_SEAT_NUM,THEATER_AREA) values ('THEATER00022','광주CGV','성하고향이','광준데','1551-1414',3,446,'광주/전라');
Insert into PROJECT.THEATER_INFO (THEATER_ID,THEATER_NM,THEATER_OLD_ADDRESS,THEATER_NEW_ADDRESS,THEATER_TEL,THEATER_CINEMA_NUM,THEATER_SEAT_NUM,THEATER_AREA) values ('THEATER00023','순천CGV','순천은 전라도','전라도 전라 가고싶다','1544-1122',3,567,'광주/전라');
Insert into PROJECT.THEATER_INFO (THEATER_ID,THEATER_NM,THEATER_OLD_ADDRESS,THEATER_NEW_ADDRESS,THEATER_TEL,THEATER_CINEMA_NUM,THEATER_SEAT_NUM,THEATER_AREA) values ('THEATER00024','여수웅천CGV','웅천은 어디냐','여수밤바다','1544-1122',3,1407,'광주/전라');
Insert into PROJECT.THEATER_INFO (THEATER_ID,THEATER_NM,THEATER_OLD_ADDRESS,THEATER_NEW_ADDRESS,THEATER_TEL,THEATER_CINEMA_NUM,THEATER_SEAT_NUM,THEATER_AREA) values ('THEATER00025','대구CGV','대구','는 권병장 고향','1544-1122',3,1095,'대구/울산/부산');
Insert into PROJECT.THEATER_INFO (THEATER_ID,THEATER_NM,THEATER_OLD_ADDRESS,THEATER_NEW_ADDRESS,THEATER_TEL,THEATER_CINEMA_NUM,THEATER_SEAT_NUM,THEATER_AREA) values ('THEATER00026','울산CGV','울산은 우 향','공부자로디니','1544-1212',3,870,'대구/울산/부산');
Insert into PROJECT.THEATER_INFO (THEATER_ID,THEATER_NM,THEATER_OLD_ADDRESS,THEATER_NEW_ADDRESS,THEATER_TEL,THEATER_CINEMA_NUM,THEATER_SEAT_NUM,THEATER_AREA) values ('THEATER00027','부산CGV','부산을 가봐야하는데','촌놈인가','1544-1122',3,867,'대구/울산/부산');
Insert into PROJECT.THEATER_INFO (THEATER_ID,THEATER_NM,THEATER_OLD_ADDRESS,THEATER_NEW_ADDRESS,THEATER_TEL,THEATER_CINEMA_NUM,THEATER_SEAT_NUM,THEATER_AREA) values ('THEATER00028','센텀시티CGV','센텀시티가 뭐지','가야알지','1551-1414',4,1063,'대구/울산/부산');
Insert into PROJECT.THEATER_INFO (THEATER_ID,THEATER_NM,THEATER_OLD_ADDRESS,THEATER_NEW_ADDRESS,THEATER_TEL,THEATER_CINEMA_NUM,THEATER_SEAT_NUM,THEATER_AREA) values ('THEATER00029','안동CGV','안동은','하회탈','1551-1414',3,877,'경상');
Insert into PROJECT.THEATER_INFO (THEATER_ID,THEATER_NM,THEATER_OLD_ADDRESS,THEATER_NEW_ADDRESS,THEATER_TEL,THEATER_CINEMA_NUM,THEATER_SEAT_NUM,THEATER_AREA) values ('THEATER00030','거제CGV','거제에도','잇구나','1551-1414',3,739,'경상');
Insert into PROJECT.THEATER_INFO (THEATER_ID,THEATER_NM,THEATER_OLD_ADDRESS,THEATER_NEW_ADDRESS,THEATER_TEL,THEATER_CINEMA_NUM,THEATER_SEAT_NUM,THEATER_AREA) values ('THEATER00031','포항CGV','포항','존나멈','1551-1414',3,749,'경상');
Insert into PROJECT.THEATER_INFO (THEATER_ID,THEATER_NM,THEATER_OLD_ADDRESS,THEATER_NEW_ADDRESS,THEATER_TEL,THEATER_CINEMA_NUM,THEATER_SEAT_NUM,THEATER_AREA) values ('THEATER00032','제주CGV','제주도는','하나밖에업네','1544-1212',3,1130,'제주');
REM INSERTING into PROJECT.TIME_TYPE
SET DEFINE OFF;
Insert into PROJECT.TIME_TYPE (TIME_TYPE_ID,TIME_TYPE_NM,TIME_TYPE_PRICE) values ('TIME00001','조조',1000);
Insert into PROJECT.TIME_TYPE (TIME_TYPE_ID,TIME_TYPE_NM,TIME_TYPE_PRICE) values ('TIME00009','새벽',2000);
Insert into PROJECT.TIME_TYPE (TIME_TYPE_ID,TIME_TYPE_NM,TIME_TYPE_PRICE) values ('TIME00002','일반',6000);
Insert into PROJECT.TIME_TYPE (TIME_TYPE_ID,TIME_TYPE_NM,TIME_TYPE_PRICE) values ('TIME00003','심야',2000);
REM INSERTING into PROJECT.USER_INFO
SET DEFINE OFF;
Insert into PROJECT.USER_INFO (USER_ID,USER_PASSWORD,USER_PASSWORD_HINT,USER_PASSWORD_ANSWER,USER_NM,USER_EMAIL,USER_BIRTH_DATE,USER_GENDER,USER_MOBILE_CARRIER,USER_CELLPHONE,USER_RATING,USER_PERFORMANCE) values ('hyebin','bin0000','태어난곳은?','서울','서혜빈','jungsoog0417@hanmail.net',to_date('94/11/20','RR/MM/DD'),'여성','kt','01025720417',1,0.1);
Insert into PROJECT.USER_INFO (USER_ID,USER_PASSWORD,USER_PASSWORD_HINT,USER_PASSWORD_ANSWER,USER_NM,USER_EMAIL,USER_BIRTH_DATE,USER_GENDER,USER_MOBILE_CARRIER,USER_CELLPHONE,USER_RATING,USER_PERFORMANCE) values ('hyebin0007','qwer789456','hint1','ㅗㅕㅐㅗ','서혜빈','ㅗㅕㅐㅗ',to_date('16/12/06','RR/MM/DD'),'man','skt','010',1,0);
Insert into PROJECT.USER_INFO (USER_ID,USER_PASSWORD,USER_PASSWORD_HINT,USER_PASSWORD_ANSWER,USER_NM,USER_EMAIL,USER_BIRTH_DATE,USER_GENDER,USER_MOBILE_CARRIER,USER_CELLPHONE,USER_RATING,USER_PERFORMANCE) values ('pidi55','young8793','hint1','서울','지녕','pidi55@naver.com',to_date('93/10/13','RR/MM/DD'),'woman','kt','01054435454',1,0);
Insert into PROJECT.USER_INFO (USER_ID,USER_PASSWORD,USER_PASSWORD_HINT,USER_PASSWORD_ANSWER,USER_NM,USER_EMAIL,USER_BIRTH_DATE,USER_GENDER,USER_MOBILE_CARRIER,USER_CELLPHONE,USER_RATING,USER_PERFORMANCE) values ('rladydwls1','dydwls1234','hint1','춘천','김용진','dydwls@naver.com',to_date('16/12/05','RR/MM/DD'),'man','skt','01049039265',2,0);
Insert into PROJECT.USER_INFO (USER_ID,USER_PASSWORD,USER_PASSWORD_HINT,USER_PASSWORD_ANSWER,USER_NM,USER_EMAIL,USER_BIRTH_DATE,USER_GENDER,USER_MOBILE_CARRIER,USER_CELLPHONE,USER_RATING,USER_PERFORMANCE) values ('hahahaha','asdf1234','hint1','서울','하하하','hahahaha@naver.com',to_date('92/11/09','RR/MM/DD'),'man','skt','01011112222',1,0);
Insert into PROJECT.USER_INFO (USER_ID,USER_PASSWORD,USER_PASSWORD_HINT,USER_PASSWORD_ANSWER,USER_NM,USER_EMAIL,USER_BIRTH_DATE,USER_GENDER,USER_MOBILE_CARRIER,USER_CELLPHONE,USER_RATING,USER_PERFORMANCE) values ('dydwls1','rladydwls1234','hint1','춘천','김용진','forz2003@naver.com',to_date('16/12/05','RR/MM/DD'),'man','skt','01054633453',1,0);
Insert into PROJECT.USER_INFO (USER_ID,USER_PASSWORD,USER_PASSWORD_HINT,USER_PASSWORD_ANSWER,USER_NM,USER_EMAIL,USER_BIRTH_DATE,USER_GENDER,USER_MOBILE_CARRIER,USER_CELLPHONE,USER_RATING,USER_PERFORMANCE) values ('rladydwls','rladydwls123','hint1','춘천','김용진','forz2003@naver.com',to_date('16/12/05','RR/MM/DD'),'man','skt','01049039265',1,0);
Insert into PROJECT.USER_INFO (USER_ID,USER_PASSWORD,USER_PASSWORD_HINT,USER_PASSWORD_ANSWER,USER_NM,USER_EMAIL,USER_BIRTH_DATE,USER_GENDER,USER_MOBILE_CARRIER,USER_CELLPHONE,USER_RATING,USER_PERFORMANCE) values ('hyebin000','bin3333','hint1','서울','서혜빈','랙ㅁㅉㄸㄹ',to_date('16/12/06','RR/MM/DD'),'woman','skt','호호ㅗ호Pㅎ',1,0);
Insert into PROJECT.USER_INFO (USER_ID,USER_PASSWORD,USER_PASSWORD_HINT,USER_PASSWORD_ANSWER,USER_NM,USER_EMAIL,USER_BIRTH_DATE,USER_GENDER,USER_MOBILE_CARRIER,USER_CELLPHONE,USER_RATING,USER_PERFORMANCE) values ('izee1234','dlwlgus1234','hint1','서울','이지현','izee1234@naver.com',to_date('93/04/16','RR/MM/DD'),'woman','skt','01012341234',1,0);
Insert into PROJECT.USER_INFO (USER_ID,USER_PASSWORD,USER_PASSWORD_HINT,USER_PASSWORD_ANSWER,USER_NM,USER_EMAIL,USER_BIRTH_DATE,USER_GENDER,USER_MOBILE_CARRIER,USER_CELLPHONE,USER_RATING,USER_PERFORMANCE) values ('chltjdgk','chltjdgk1','hint1','광주','최성하','chltjdgk@naver.com',to_date('16/12/07','RR/MM/DD'),'woman','skt','01022518322',1,0);
Insert into PROJECT.USER_INFO (USER_ID,USER_PASSWORD,USER_PASSWORD_HINT,USER_PASSWORD_ANSWER,USER_NM,USER_EMAIL,USER_BIRTH_DATE,USER_GENDER,USER_MOBILE_CARRIER,USER_CELLPHONE,USER_RATING,USER_PERFORMANCE) values ('junyeon','wnsdus1111','hint1','김포','박준연','asdfasdf@hanmail.com',to_date('16/12/20','RR/MM/DD'),'man','kt','01112313123',1,0);
Insert into PROJECT.USER_INFO (USER_ID,USER_PASSWORD,USER_PASSWORD_HINT,USER_PASSWORD_ANSWER,USER_NM,USER_EMAIL,USER_BIRTH_DATE,USER_GENDER,USER_MOBILE_CARRIER,USER_CELLPHONE,USER_RATING,USER_PERFORMANCE) values ('hhh123','hong4221!','hint2','백석','홍훈희','hee4860@naver.com',to_date('16/12/20','RR/MM/DD'),'woman','kt','01032050000',1,0);
Insert into PROJECT.USER_INFO (USER_ID,USER_PASSWORD,USER_PASSWORD_HINT,USER_PASSWORD_ANSWER,USER_NM,USER_EMAIL,USER_BIRTH_DATE,USER_GENDER,USER_MOBILE_CARRIER,USER_CELLPHONE,USER_RATING,USER_PERFORMANCE) values ('hyebin077','bin0000','hint2','ㅗㅎ','서혜빈','호호',to_date('16/11/30','RR/MM/DD'),'woman','skt','010',1,0);
Insert into PROJECT.USER_INFO (USER_ID,USER_PASSWORD,USER_PASSWORD_HINT,USER_PASSWORD_ANSWER,USER_NM,USER_EMAIL,USER_BIRTH_DATE,USER_GENDER,USER_MOBILE_CARRIER,USER_CELLPHONE,USER_RATING,USER_PERFORMANCE) values ('hyebin6549','bin123456','hint1','ㅀㅎ','서혜빈','hyebin000',to_date('16/12/22','RR/MM/DD'),'woman','kt','010',1,0);
Insert into PROJECT.USER_INFO (USER_ID,USER_PASSWORD,USER_PASSWORD_HINT,USER_PASSWORD_ANSWER,USER_NM,USER_EMAIL,USER_BIRTH_DATE,USER_GENDER,USER_MOBILE_CARRIER,USER_CELLPHONE,USER_RATING,USER_PERFORMANCE) values ('jinyeon704','123qweasd','hint2','이매초','안진연','jinyeon704@naver.com',to_date('92/07/04','RR/MM/DD'),'woman','kt','01066560730',1,0);
Insert into PROJECT.USER_INFO (USER_ID,USER_PASSWORD,USER_PASSWORD_HINT,USER_PASSWORD_ANSWER,USER_NM,USER_EMAIL,USER_BIRTH_DATE,USER_GENDER,USER_MOBILE_CARRIER,USER_CELLPHONE,USER_RATING,USER_PERFORMANCE) values ('jinyoung','bin12345','hint2','호P','장진영','jinyoung',to_date('16/12/21','RR/MM/DD'),'man','kt','011',1,0);
Insert into PROJECT.USER_INFO (USER_ID,USER_PASSWORD,USER_PASSWORD_HINT,USER_PASSWORD_ANSWER,USER_NM,USER_EMAIL,USER_BIRTH_DATE,USER_GENDER,USER_MOBILE_CARRIER,USER_CELLPHONE,USER_RATING,USER_PERFORMANCE) values ('hyebin0000','nnnnn','hint1','서울','장진영','sdfnkdvv',to_date('16/12/08','RR/MM/DD'),'woman','skt','df',1,0);
Insert into PROJECT.USER_INFO (USER_ID,USER_PASSWORD,USER_PASSWORD_HINT,USER_PASSWORD_ANSWER,USER_NM,USER_EMAIL,USER_BIRTH_DATE,USER_GENDER,USER_MOBILE_CARRIER,USER_CELLPHONE,USER_RATING,USER_PERFORMANCE) values ('hyebin999','bin0417','hint1','ㅜㅜ','최성하','ㅜㅜㅜㅜㅜㅜ',to_date('16/12/07','RR/MM/DD'),'woman','select','ㅜㅜㅜㅜㅜ',1,0);
Insert into PROJECT.USER_INFO (USER_ID,USER_PASSWORD,USER_PASSWORD_HINT,USER_PASSWORD_ANSWER,USER_NM,USER_EMAIL,USER_BIRTH_DATE,USER_GENDER,USER_MOBILE_CARRIER,USER_CELLPHONE,USER_RATING,USER_PERFORMANCE) values ('dydwls','rlayd1234','hint1','춘천','김용진','forz2003@naver.com',to_date('16/06/14','RR/MM/DD'),'man','skt','01049039265',1,0);
--------------------------------------------------------
--  DDL for Index PK_ADMIN_INFO
--------------------------------------------------------

  CREATE UNIQUE INDEX "PROJECT"."PK_ADMIN_INFO" ON "PROJECT"."ADMIN_INFO" ("ADMIN_ID") 
  PCTFREE 10 INITRANS 2 MAXTRANS 255 COMPUTE STATISTICS 
  STORAGE(INITIAL 65536 NEXT 1048576 MINEXTENTS 1 MAXEXTENTS 2147483645
  PCTINCREASE 0 FREELISTS 1 FREELIST GROUPS 1 BUFFER_POOL DEFAULT FLASH_CACHE DEFAULT CELL_FLASH_CACHE DEFAULT)
  TABLESPACE "USERS" ;
--------------------------------------------------------
--  DDL for Index PK_BOOKING_INFO
--------------------------------------------------------

  CREATE UNIQUE INDEX "PROJECT"."PK_BOOKING_INFO" ON "PROJECT"."BOOKING_INFO" ("BOOKING_ID") 
  PCTFREE 10 INITRANS 2 MAXTRANS 255 COMPUTE STATISTICS 
  STORAGE(INITIAL 65536 NEXT 1048576 MINEXTENTS 1 MAXEXTENTS 2147483645
  PCTINCREASE 0 FREELISTS 1 FREELIST GROUPS 1 BUFFER_POOL DEFAULT FLASH_CACHE DEFAULT CELL_FLASH_CACHE DEFAULT)
  TABLESPACE "USERS" ;
--------------------------------------------------------
--  DDL for Index PK_CINEMA_INFO
--------------------------------------------------------

  CREATE UNIQUE INDEX "PROJECT"."PK_CINEMA_INFO" ON "PROJECT"."CINEMA_INFO" ("CINEMA_ID") 
  PCTFREE 10 INITRANS 2 MAXTRANS 255 COMPUTE STATISTICS 
  STORAGE(INITIAL 65536 NEXT 1048576 MINEXTENTS 1 MAXEXTENTS 2147483645
  PCTINCREASE 0 FREELISTS 1 FREELIST GROUPS 1 BUFFER_POOL DEFAULT FLASH_CACHE DEFAULT CELL_FLASH_CACHE DEFAULT)
  TABLESPACE "USERS" ;
--------------------------------------------------------
--  DDL for Index PK_CINEMA_TYPE
--------------------------------------------------------

  CREATE UNIQUE INDEX "PROJECT"."PK_CINEMA_TYPE" ON "PROJECT"."CINEMA_TYPE" ("CINEMA_TYPE_ID") 
  PCTFREE 10 INITRANS 2 MAXTRANS 255 COMPUTE STATISTICS 
  STORAGE(INITIAL 65536 NEXT 1048576 MINEXTENTS 1 MAXEXTENTS 2147483645
  PCTINCREASE 0 FREELISTS 1 FREELIST GROUPS 1 BUFFER_POOL DEFAULT FLASH_CACHE DEFAULT CELL_FLASH_CACHE DEFAULT)
  TABLESPACE "USERS" ;
--------------------------------------------------------
--  DDL for Index PK_CODE_INFO
--------------------------------------------------------

  CREATE UNIQUE INDEX "PROJECT"."PK_CODE_INFO" ON "PROJECT"."CODE_INFO" ("MAIN_CODE", "SUB_CODE") 
  PCTFREE 10 INITRANS 2 MAXTRANS 255 COMPUTE STATISTICS 
  STORAGE(INITIAL 65536 NEXT 1048576 MINEXTENTS 1 MAXEXTENTS 2147483645
  PCTINCREASE 0 FREELISTS 1 FREELIST GROUPS 1 BUFFER_POOL DEFAULT FLASH_CACHE DEFAULT CELL_FLASH_CACHE DEFAULT)
  TABLESPACE "USERS" ;
--------------------------------------------------------
--  DDL for Index PK_DISCNT_SYS
--------------------------------------------------------

  CREATE UNIQUE INDEX "PROJECT"."PK_DISCNT_SYS" ON "PROJECT"."DISCNT_SYS" ("USER_RATING") 
  PCTFREE 10 INITRANS 2 MAXTRANS 255 COMPUTE STATISTICS 
  STORAGE(INITIAL 65536 NEXT 1048576 MINEXTENTS 1 MAXEXTENTS 2147483645
  PCTINCREASE 0 FREELISTS 1 FREELIST GROUPS 1 BUFFER_POOL DEFAULT FLASH_CACHE DEFAULT CELL_FLASH_CACHE DEFAULT)
  TABLESPACE "USERS" ;
--------------------------------------------------------
--  DDL for Index PK_MOVIE_INFO
--------------------------------------------------------

  CREATE UNIQUE INDEX "PROJECT"."PK_MOVIE_INFO" ON "PROJECT"."MOVIE_INFO" ("MOVIE_ID") 
  PCTFREE 10 INITRANS 2 MAXTRANS 255 COMPUTE STATISTICS 
  STORAGE(INITIAL 65536 NEXT 1048576 MINEXTENTS 1 MAXEXTENTS 2147483645
  PCTINCREASE 0 FREELISTS 1 FREELIST GROUPS 1 BUFFER_POOL DEFAULT FLASH_CACHE DEFAULT CELL_FLASH_CACHE DEFAULT)
  TABLESPACE "USERS" ;
--------------------------------------------------------
--  DDL for Index PK_NO_U_INFO
--------------------------------------------------------

  CREATE UNIQUE INDEX "PROJECT"."PK_NO_U_INFO" ON "PROJECT"."NO_U_INFO" ("NO_U_ID") 
  PCTFREE 10 INITRANS 2 MAXTRANS 255 COMPUTE STATISTICS 
  STORAGE(INITIAL 65536 NEXT 1048576 MINEXTENTS 1 MAXEXTENTS 2147483645
  PCTINCREASE 0 FREELISTS 1 FREELIST GROUPS 1 BUFFER_POOL DEFAULT FLASH_CACHE DEFAULT CELL_FLASH_CACHE DEFAULT)
  TABLESPACE "USERS" ;
--------------------------------------------------------
--  DDL for Index PK_PAY_INFO
--------------------------------------------------------

  CREATE UNIQUE INDEX "PROJECT"."PK_PAY_INFO" ON "PROJECT"."PAY_INFO" ("PAY_ID") 
  PCTFREE 10 INITRANS 2 MAXTRANS 255 COMPUTE STATISTICS 
  STORAGE(INITIAL 65536 NEXT 1048576 MINEXTENTS 1 MAXEXTENTS 2147483645
  PCTINCREASE 0 FREELISTS 1 FREELIST GROUPS 1 BUFFER_POOL DEFAULT FLASH_CACHE DEFAULT CELL_FLASH_CACHE DEFAULT)
  TABLESPACE "USERS" ;
--------------------------------------------------------
--  DDL for Index PK_REPLY_INFO
--------------------------------------------------------

  CREATE UNIQUE INDEX "PROJECT"."PK_REPLY_INFO" ON "PROJECT"."REPLY_INFO" ("REPLY_ID") 
  PCTFREE 10 INITRANS 2 MAXTRANS 255 COMPUTE STATISTICS 
  STORAGE(INITIAL 65536 NEXT 1048576 MINEXTENTS 1 MAXEXTENTS 2147483645
  PCTINCREASE 0 FREELISTS 1 FREELIST GROUPS 1 BUFFER_POOL DEFAULT FLASH_CACHE DEFAULT CELL_FLASH_CACHE DEFAULT)
  TABLESPACE "USERS" ;
--------------------------------------------------------
--  DDL for Index PK_SHOW_INFO
--------------------------------------------------------

  CREATE UNIQUE INDEX "PROJECT"."PK_SHOW_INFO" ON "PROJECT"."SHOW_INFO" ("SHOW_ID") 
  PCTFREE 10 INITRANS 2 MAXTRANS 255 COMPUTE STATISTICS 
  STORAGE(INITIAL 65536 NEXT 1048576 MINEXTENTS 1 MAXEXTENTS 2147483645
  PCTINCREASE 0 FREELISTS 1 FREELIST GROUPS 1 BUFFER_POOL DEFAULT FLASH_CACHE DEFAULT CELL_FLASH_CACHE DEFAULT)
  TABLESPACE "USERS" ;
--------------------------------------------------------
--  DDL for Index PK_THEATER_INFO
--------------------------------------------------------

  CREATE UNIQUE INDEX "PROJECT"."PK_THEATER_INFO" ON "PROJECT"."THEATER_INFO" ("THEATER_ID") 
  PCTFREE 10 INITRANS 2 MAXTRANS 255 COMPUTE STATISTICS 
  STORAGE(INITIAL 65536 NEXT 1048576 MINEXTENTS 1 MAXEXTENTS 2147483645
  PCTINCREASE 0 FREELISTS 1 FREELIST GROUPS 1 BUFFER_POOL DEFAULT FLASH_CACHE DEFAULT CELL_FLASH_CACHE DEFAULT)
  TABLESPACE "USERS" ;
--------------------------------------------------------
--  DDL for Index PK_TIME_TYPE
--------------------------------------------------------

  CREATE UNIQUE INDEX "PROJECT"."PK_TIME_TYPE" ON "PROJECT"."TIME_TYPE" ("TIME_TYPE_ID") 
  PCTFREE 10 INITRANS 2 MAXTRANS 255 COMPUTE STATISTICS 
  STORAGE(INITIAL 65536 NEXT 1048576 MINEXTENTS 1 MAXEXTENTS 2147483645
  PCTINCREASE 0 FREELISTS 1 FREELIST GROUPS 1 BUFFER_POOL DEFAULT FLASH_CACHE DEFAULT CELL_FLASH_CACHE DEFAULT)
  TABLESPACE "USERS" ;
--------------------------------------------------------
--  DDL for Index PK_USER_INFO
--------------------------------------------------------

  CREATE UNIQUE INDEX "PROJECT"."PK_USER_INFO" ON "PROJECT"."USER_INFO" ("USER_ID") 
  PCTFREE 10 INITRANS 2 MAXTRANS 255 COMPUTE STATISTICS 
  STORAGE(INITIAL 65536 NEXT 1048576 MINEXTENTS 1 MAXEXTENTS 2147483645
  PCTINCREASE 0 FREELISTS 1 FREELIST GROUPS 1 BUFFER_POOL DEFAULT FLASH_CACHE DEFAULT CELL_FLASH_CACHE DEFAULT)
  TABLESPACE "USERS" ;
--------------------------------------------------------
--  Constraints for Table ADMIN_INFO
--------------------------------------------------------

  ALTER TABLE "PROJECT"."ADMIN_INFO" ADD CONSTRAINT "PK_ADMIN_INFO" PRIMARY KEY ("ADMIN_ID")
  USING INDEX PCTFREE 10 INITRANS 2 MAXTRANS 255 COMPUTE STATISTICS 
  STORAGE(INITIAL 65536 NEXT 1048576 MINEXTENTS 1 MAXEXTENTS 2147483645
  PCTINCREASE 0 FREELISTS 1 FREELIST GROUPS 1 BUFFER_POOL DEFAULT FLASH_CACHE DEFAULT CELL_FLASH_CACHE DEFAULT)
  TABLESPACE "USERS"  ENABLE;
 
  ALTER TABLE "PROJECT"."ADMIN_INFO" MODIFY ("ADMIN_ID" NOT NULL ENABLE);
 
  ALTER TABLE "PROJECT"."ADMIN_INFO" MODIFY ("ADMIN_PASSWORD" NOT NULL ENABLE);
--------------------------------------------------------
--  Constraints for Table BOOKING_INFO
--------------------------------------------------------

  ALTER TABLE "PROJECT"."BOOKING_INFO" ADD CONSTRAINT "PK_BOOKING_INFO" PRIMARY KEY ("BOOKING_ID")
  USING INDEX PCTFREE 10 INITRANS 2 MAXTRANS 255 COMPUTE STATISTICS 
  STORAGE(INITIAL 65536 NEXT 1048576 MINEXTENTS 1 MAXEXTENTS 2147483645
  PCTINCREASE 0 FREELISTS 1 FREELIST GROUPS 1 BUFFER_POOL DEFAULT FLASH_CACHE DEFAULT CELL_FLASH_CACHE DEFAULT)
  TABLESPACE "USERS"  ENABLE;
 
  ALTER TABLE "PROJECT"."BOOKING_INFO" MODIFY ("BOOKING_ID" NOT NULL ENABLE);
 
  ALTER TABLE "PROJECT"."BOOKING_INFO" MODIFY ("SHOW_ID" NOT NULL ENABLE);
 
  ALTER TABLE "PROJECT"."BOOKING_INFO" MODIFY ("BOOKING_DATE" NOT NULL ENABLE);
--------------------------------------------------------
--  Constraints for Table CINEMA_INFO
--------------------------------------------------------

  ALTER TABLE "PROJECT"."CINEMA_INFO" ADD CONSTRAINT "PK_CINEMA_INFO" PRIMARY KEY ("CINEMA_ID")
  USING INDEX PCTFREE 10 INITRANS 2 MAXTRANS 255 COMPUTE STATISTICS 
  STORAGE(INITIAL 65536 NEXT 1048576 MINEXTENTS 1 MAXEXTENTS 2147483645
  PCTINCREASE 0 FREELISTS 1 FREELIST GROUPS 1 BUFFER_POOL DEFAULT FLASH_CACHE DEFAULT CELL_FLASH_CACHE DEFAULT)
  TABLESPACE "USERS"  ENABLE;
 
  ALTER TABLE "PROJECT"."CINEMA_INFO" MODIFY ("CINEMA_ID" NOT NULL ENABLE);
 
  ALTER TABLE "PROJECT"."CINEMA_INFO" MODIFY ("THEATER_ID" NOT NULL ENABLE);
 
  ALTER TABLE "PROJECT"."CINEMA_INFO" MODIFY ("CINEMA_NM" NOT NULL ENABLE);
 
  ALTER TABLE "PROJECT"."CINEMA_INFO" MODIFY ("CINEMA_TYPE_ID" NOT NULL ENABLE);
 
  ALTER TABLE "PROJECT"."CINEMA_INFO" MODIFY ("CINEMA_SEAT_NUM" NOT NULL ENABLE);
 
  ALTER TABLE "PROJECT"."CINEMA_INFO" MODIFY ("CINEMA_FLOOR_NO" NOT NULL ENABLE);
--------------------------------------------------------
--  Constraints for Table CINEMA_TYPE
--------------------------------------------------------

  ALTER TABLE "PROJECT"."CINEMA_TYPE" ADD CONSTRAINT "PK_CINEMA_TYPE" PRIMARY KEY ("CINEMA_TYPE_ID")
  USING INDEX PCTFREE 10 INITRANS 2 MAXTRANS 255 COMPUTE STATISTICS 
  STORAGE(INITIAL 65536 NEXT 1048576 MINEXTENTS 1 MAXEXTENTS 2147483645
  PCTINCREASE 0 FREELISTS 1 FREELIST GROUPS 1 BUFFER_POOL DEFAULT FLASH_CACHE DEFAULT CELL_FLASH_CACHE DEFAULT)
  TABLESPACE "USERS"  ENABLE;
 
  ALTER TABLE "PROJECT"."CINEMA_TYPE" MODIFY ("CINEMA_TYPE_ID" NOT NULL ENABLE);
 
  ALTER TABLE "PROJECT"."CINEMA_TYPE" MODIFY ("CINEMA_TYPE_NM" NOT NULL ENABLE);
 
  ALTER TABLE "PROJECT"."CINEMA_TYPE" MODIFY ("CINEMA_TYPE_PRICE" NOT NULL ENABLE);
--------------------------------------------------------
--  Constraints for Table CODE_INFO
--------------------------------------------------------

  ALTER TABLE "PROJECT"."CODE_INFO" ADD CONSTRAINT "PK_CODE_INFO" PRIMARY KEY ("MAIN_CODE", "SUB_CODE")
  USING INDEX PCTFREE 10 INITRANS 2 MAXTRANS 255 COMPUTE STATISTICS 
  STORAGE(INITIAL 65536 NEXT 1048576 MINEXTENTS 1 MAXEXTENTS 2147483645
  PCTINCREASE 0 FREELISTS 1 FREELIST GROUPS 1 BUFFER_POOL DEFAULT FLASH_CACHE DEFAULT CELL_FLASH_CACHE DEFAULT)
  TABLESPACE "USERS"  ENABLE;
 
  ALTER TABLE "PROJECT"."CODE_INFO" MODIFY ("MAIN_CODE" NOT NULL ENABLE);
 
  ALTER TABLE "PROJECT"."CODE_INFO" MODIFY ("SUB_CODE" NOT NULL ENABLE);
 
  ALTER TABLE "PROJECT"."CODE_INFO" MODIFY ("MAIN_CODE_NM" NOT NULL ENABLE);
 
  ALTER TABLE "PROJECT"."CODE_INFO" MODIFY ("SUB_CODE_NM" NOT NULL ENABLE);
 
  ALTER TABLE "PROJECT"."CODE_INFO" MODIFY ("USE_YN" NOT NULL ENABLE);
--------------------------------------------------------
--  Constraints for Table DISCNT_SYS
--------------------------------------------------------

  ALTER TABLE "PROJECT"."DISCNT_SYS" ADD CONSTRAINT "PK_DISCNT_SYS" PRIMARY KEY ("USER_RATING")
  USING INDEX PCTFREE 10 INITRANS 2 MAXTRANS 255 COMPUTE STATISTICS 
  STORAGE(INITIAL 65536 NEXT 1048576 MINEXTENTS 1 MAXEXTENTS 2147483645
  PCTINCREASE 0 FREELISTS 1 FREELIST GROUPS 1 BUFFER_POOL DEFAULT FLASH_CACHE DEFAULT CELL_FLASH_CACHE DEFAULT)
  TABLESPACE "USERS"  ENABLE;
 
  ALTER TABLE "PROJECT"."DISCNT_SYS" MODIFY ("USER_RATING" NOT NULL ENABLE);
 
  ALTER TABLE "PROJECT"."DISCNT_SYS" MODIFY ("DISCOUNT_RATE" NOT NULL ENABLE);
--------------------------------------------------------
--  Constraints for Table IDS
--------------------------------------------------------

  ALTER TABLE "PROJECT"."IDS" MODIFY ("TABLE_NAME" NOT NULL ENABLE);
 
  ALTER TABLE "PROJECT"."IDS" MODIFY ("NEXT_ID" NOT NULL ENABLE);
--------------------------------------------------------
--  Constraints for Table MOVIE_INFO
--------------------------------------------------------

  ALTER TABLE "PROJECT"."MOVIE_INFO" ADD CONSTRAINT "PK_MOVIE_INFO" PRIMARY KEY ("MOVIE_ID")
  USING INDEX PCTFREE 10 INITRANS 2 MAXTRANS 255 COMPUTE STATISTICS 
  STORAGE(INITIAL 65536 NEXT 1048576 MINEXTENTS 1 MAXEXTENTS 2147483645
  PCTINCREASE 0 FREELISTS 1 FREELIST GROUPS 1 BUFFER_POOL DEFAULT FLASH_CACHE DEFAULT CELL_FLASH_CACHE DEFAULT)
  TABLESPACE "USERS"  ENABLE;
 
  ALTER TABLE "PROJECT"."MOVIE_INFO" MODIFY ("MOVIE_ID" NOT NULL ENABLE);
 
  ALTER TABLE "PROJECT"."MOVIE_INFO" MODIFY ("MOVIE_NM" NOT NULL ENABLE);
 
  ALTER TABLE "PROJECT"."MOVIE_INFO" MODIFY ("MOVIE_INTRO" NOT NULL ENABLE);
 
  ALTER TABLE "PROJECT"."MOVIE_INFO" MODIFY ("MOVIE_ACTOR" NOT NULL ENABLE);
 
  ALTER TABLE "PROJECT"."MOVIE_INFO" MODIFY ("MOVIE_DIRECTOR" NOT NULL ENABLE);
 
  ALTER TABLE "PROJECT"."MOVIE_INFO" MODIFY ("MOVIE_GENRE1" NOT NULL ENABLE);
 
  ALTER TABLE "PROJECT"."MOVIE_INFO" MODIFY ("MOVIE_RELEASE_DATE" NOT NULL ENABLE);
 
  ALTER TABLE "PROJECT"."MOVIE_INFO" MODIFY ("MOVIE_SHOWING_YN" NOT NULL ENABLE);
 
  ALTER TABLE "PROJECT"."MOVIE_INFO" MODIFY ("MOVIE_RATING" NOT NULL ENABLE);
 
  ALTER TABLE "PROJECT"."MOVIE_INFO" MODIFY ("MOVIE_SHOWING_TIME" NOT NULL ENABLE);
 
  ALTER TABLE "PROJECT"."MOVIE_INFO" MODIFY ("MOVIE_NATION" NOT NULL ENABLE);
--------------------------------------------------------
--  Constraints for Table NO_U_INFO
--------------------------------------------------------

  ALTER TABLE "PROJECT"."NO_U_INFO" ADD CONSTRAINT "PK_NO_U_INFO" PRIMARY KEY ("NO_U_ID")
  USING INDEX PCTFREE 10 INITRANS 2 MAXTRANS 255 COMPUTE STATISTICS 
  STORAGE(INITIAL 65536 NEXT 1048576 MINEXTENTS 1 MAXEXTENTS 2147483645
  PCTINCREASE 0 FREELISTS 1 FREELIST GROUPS 1 BUFFER_POOL DEFAULT FLASH_CACHE DEFAULT CELL_FLASH_CACHE DEFAULT)
  TABLESPACE "USERS"  ENABLE;
 
  ALTER TABLE "PROJECT"."NO_U_INFO" MODIFY ("NO_U_ID" NOT NULL ENABLE);
 
  ALTER TABLE "PROJECT"."NO_U_INFO" MODIFY ("NO_U_PW" NOT NULL ENABLE);
 
  ALTER TABLE "PROJECT"."NO_U_INFO" MODIFY ("NO_U_BIRTH" NOT NULL ENABLE);
 
  ALTER TABLE "PROJECT"."NO_U_INFO" MODIFY ("NO_U_NM" NOT NULL ENABLE);
 
  ALTER TABLE "PROJECT"."NO_U_INFO" MODIFY ("NO_U_MOBILE_CARRIER" NOT NULL ENABLE);
 
  ALTER TABLE "PROJECT"."NO_U_INFO" MODIFY ("NO_U_HP" NOT NULL ENABLE);
--------------------------------------------------------
--  Constraints for Table PAY_INFO
--------------------------------------------------------

  ALTER TABLE "PROJECT"."PAY_INFO" ADD CONSTRAINT "PK_PAY_INFO" PRIMARY KEY ("PAY_ID")
  USING INDEX PCTFREE 10 INITRANS 2 MAXTRANS 255 COMPUTE STATISTICS 
  STORAGE(INITIAL 65536 NEXT 1048576 MINEXTENTS 1 MAXEXTENTS 2147483645
  PCTINCREASE 0 FREELISTS 1 FREELIST GROUPS 1 BUFFER_POOL DEFAULT FLASH_CACHE DEFAULT CELL_FLASH_CACHE DEFAULT)
  TABLESPACE "USERS"  ENABLE;
 
  ALTER TABLE "PROJECT"."PAY_INFO" MODIFY ("PAY_ID" NOT NULL ENABLE);
 
  ALTER TABLE "PROJECT"."PAY_INFO" MODIFY ("PAY_AMNT" NOT NULL ENABLE);
 
  ALTER TABLE "PROJECT"."PAY_INFO" MODIFY ("PAY_DATE" NOT NULL ENABLE);
 
  ALTER TABLE "PROJECT"."PAY_INFO" MODIFY ("BOOKING_ID" NOT NULL ENABLE);
--------------------------------------------------------
--  Constraints for Table REPLY_INFO
--------------------------------------------------------

  ALTER TABLE "PROJECT"."REPLY_INFO" ADD CONSTRAINT "PK_REPLY_INFO" PRIMARY KEY ("REPLY_ID")
  USING INDEX PCTFREE 10 INITRANS 2 MAXTRANS 255 COMPUTE STATISTICS 
  STORAGE(INITIAL 65536 NEXT 1048576 MINEXTENTS 1 MAXEXTENTS 2147483645
  PCTINCREASE 0 FREELISTS 1 FREELIST GROUPS 1 BUFFER_POOL DEFAULT FLASH_CACHE DEFAULT CELL_FLASH_CACHE DEFAULT)
  TABLESPACE "USERS"  ENABLE;
 
  ALTER TABLE "PROJECT"."REPLY_INFO" MODIFY ("REPLY_ID" NOT NULL ENABLE);
 
  ALTER TABLE "PROJECT"."REPLY_INFO" MODIFY ("REPLY_GRADE" NOT NULL ENABLE);
 
  ALTER TABLE "PROJECT"."REPLY_INFO" MODIFY ("REPLY_CONTENT" NOT NULL ENABLE);
 
  ALTER TABLE "PROJECT"."REPLY_INFO" MODIFY ("USER_ID" NOT NULL ENABLE);
 
  ALTER TABLE "PROJECT"."REPLY_INFO" MODIFY ("MOVIE_ID" NOT NULL ENABLE);
--------------------------------------------------------
--  Constraints for Table SHOW_INFO
--------------------------------------------------------

  ALTER TABLE "PROJECT"."SHOW_INFO" ADD CONSTRAINT "PK_SHOW_INFO" PRIMARY KEY ("SHOW_ID")
  USING INDEX PCTFREE 10 INITRANS 2 MAXTRANS 255 COMPUTE STATISTICS 
  STORAGE(INITIAL 65536 NEXT 1048576 MINEXTENTS 1 MAXEXTENTS 2147483645
  PCTINCREASE 0 FREELISTS 1 FREELIST GROUPS 1 BUFFER_POOL DEFAULT FLASH_CACHE DEFAULT CELL_FLASH_CACHE DEFAULT)
  TABLESPACE "USERS"  ENABLE;
 
  ALTER TABLE "PROJECT"."SHOW_INFO" MODIFY ("SHOW_ID" NOT NULL ENABLE);
 
  ALTER TABLE "PROJECT"."SHOW_INFO" MODIFY ("MOVIE_ID" NOT NULL ENABLE);
 
  ALTER TABLE "PROJECT"."SHOW_INFO" MODIFY ("THEATER_ID" NOT NULL ENABLE);
 
  ALTER TABLE "PROJECT"."SHOW_INFO" MODIFY ("CINEMA_ID" NOT NULL ENABLE);
 
  ALTER TABLE "PROJECT"."SHOW_INFO" MODIFY ("TIME_TYPE_ID" NOT NULL ENABLE);
 
  ALTER TABLE "PROJECT"."SHOW_INFO" MODIFY ("START_TIME" NOT NULL ENABLE);
 
  ALTER TABLE "PROJECT"."SHOW_INFO" MODIFY ("SHOW_DATE" NOT NULL ENABLE);
--------------------------------------------------------
--  Constraints for Table THEATER_INFO
--------------------------------------------------------

  ALTER TABLE "PROJECT"."THEATER_INFO" ADD CONSTRAINT "PK_THEATER_INFO" PRIMARY KEY ("THEATER_ID")
  USING INDEX PCTFREE 10 INITRANS 2 MAXTRANS 255 COMPUTE STATISTICS 
  STORAGE(INITIAL 65536 NEXT 1048576 MINEXTENTS 1 MAXEXTENTS 2147483645
  PCTINCREASE 0 FREELISTS 1 FREELIST GROUPS 1 BUFFER_POOL DEFAULT FLASH_CACHE DEFAULT CELL_FLASH_CACHE DEFAULT)
  TABLESPACE "USERS"  ENABLE;
 
  ALTER TABLE "PROJECT"."THEATER_INFO" MODIFY ("THEATER_ID" NOT NULL ENABLE);
 
  ALTER TABLE "PROJECT"."THEATER_INFO" MODIFY ("THEATER_NM" NOT NULL ENABLE);
 
  ALTER TABLE "PROJECT"."THEATER_INFO" MODIFY ("THEATER_OLD_ADDRESS" NOT NULL ENABLE);
 
  ALTER TABLE "PROJECT"."THEATER_INFO" MODIFY ("THEATER_NEW_ADDRESS" NOT NULL ENABLE);
 
  ALTER TABLE "PROJECT"."THEATER_INFO" MODIFY ("THEATER_CINEMA_NUM" NOT NULL ENABLE);
 
  ALTER TABLE "PROJECT"."THEATER_INFO" MODIFY ("THEATER_SEAT_NUM" NOT NULL ENABLE);
 
  ALTER TABLE "PROJECT"."THEATER_INFO" MODIFY ("THEATER_AREA" NOT NULL ENABLE);
--------------------------------------------------------
--  Constraints for Table TIME_TYPE
--------------------------------------------------------

  ALTER TABLE "PROJECT"."TIME_TYPE" ADD CONSTRAINT "PK_TIME_TYPE" PRIMARY KEY ("TIME_TYPE_ID")
  USING INDEX PCTFREE 10 INITRANS 2 MAXTRANS 255 COMPUTE STATISTICS 
  STORAGE(INITIAL 65536 NEXT 1048576 MINEXTENTS 1 MAXEXTENTS 2147483645
  PCTINCREASE 0 FREELISTS 1 FREELIST GROUPS 1 BUFFER_POOL DEFAULT FLASH_CACHE DEFAULT CELL_FLASH_CACHE DEFAULT)
  TABLESPACE "USERS"  ENABLE;
 
  ALTER TABLE "PROJECT"."TIME_TYPE" MODIFY ("TIME_TYPE_ID" NOT NULL ENABLE);
 
  ALTER TABLE "PROJECT"."TIME_TYPE" MODIFY ("TIME_TYPE_NM" NOT NULL ENABLE);
 
  ALTER TABLE "PROJECT"."TIME_TYPE" MODIFY ("TIME_TYPE_PRICE" NOT NULL ENABLE);
--------------------------------------------------------
--  Constraints for Table USER_INFO
--------------------------------------------------------

  ALTER TABLE "PROJECT"."USER_INFO" ADD CONSTRAINT "PK_USER_INFO" PRIMARY KEY ("USER_ID")
  USING INDEX PCTFREE 10 INITRANS 2 MAXTRANS 255 COMPUTE STATISTICS 
  STORAGE(INITIAL 65536 NEXT 1048576 MINEXTENTS 1 MAXEXTENTS 2147483645
  PCTINCREASE 0 FREELISTS 1 FREELIST GROUPS 1 BUFFER_POOL DEFAULT FLASH_CACHE DEFAULT CELL_FLASH_CACHE DEFAULT)
  TABLESPACE "USERS"  ENABLE;
 
  ALTER TABLE "PROJECT"."USER_INFO" MODIFY ("USER_ID" NOT NULL ENABLE);
 
  ALTER TABLE "PROJECT"."USER_INFO" MODIFY ("USER_PASSWORD" NOT NULL ENABLE);
 
  ALTER TABLE "PROJECT"."USER_INFO" MODIFY ("USER_PASSWORD_HINT" NOT NULL ENABLE);
 
  ALTER TABLE "PROJECT"."USER_INFO" MODIFY ("USER_PASSWORD_ANSWER" NOT NULL ENABLE);
 
  ALTER TABLE "PROJECT"."USER_INFO" MODIFY ("USER_NM" NOT NULL ENABLE);
 
  ALTER TABLE "PROJECT"."USER_INFO" MODIFY ("USER_EMAIL" NOT NULL ENABLE);
 
  ALTER TABLE "PROJECT"."USER_INFO" MODIFY ("USER_BIRTH_DATE" NOT NULL ENABLE);
 
  ALTER TABLE "PROJECT"."USER_INFO" MODIFY ("USER_GENDER" NOT NULL ENABLE);
 
  ALTER TABLE "PROJECT"."USER_INFO" MODIFY ("USER_MOBILE_CARRIER" NOT NULL ENABLE);
 
  ALTER TABLE "PROJECT"."USER_INFO" MODIFY ("USER_CELLPHONE" NOT NULL ENABLE);
 
  ALTER TABLE "PROJECT"."USER_INFO" MODIFY ("USER_RATING" NOT NULL ENABLE);
 
  ALTER TABLE "PROJECT"."USER_INFO" MODIFY ("USER_PERFORMANCE" NOT NULL ENABLE);
--------------------------------------------------------
--  Ref Constraints for Table BOOKING_INFO
--------------------------------------------------------

  ALTER TABLE "PROJECT"."BOOKING_INFO" ADD CONSTRAINT "FK_NO_U_INFO_TO_BOOKING_INFO" FOREIGN KEY ("NO_U_ID")
	  REFERENCES "PROJECT"."NO_U_INFO" ("NO_U_ID") ENABLE;
 
  ALTER TABLE "PROJECT"."BOOKING_INFO" ADD CONSTRAINT "FK_SHOW_INFO_TO_BOOKING_INFO" FOREIGN KEY ("SHOW_ID")
	  REFERENCES "PROJECT"."SHOW_INFO" ("SHOW_ID") ENABLE;
 
  ALTER TABLE "PROJECT"."BOOKING_INFO" ADD CONSTRAINT "FK_USER_INFO_TO_BOOKING_INFO" FOREIGN KEY ("USER_ID")
	  REFERENCES "PROJECT"."USER_INFO" ("USER_ID") ENABLE;
--------------------------------------------------------
--  Ref Constraints for Table CINEMA_INFO
--------------------------------------------------------

  ALTER TABLE "PROJECT"."CINEMA_INFO" ADD CONSTRAINT "FK_CINEMA_TYPE_TO_CINEMA_INFO" FOREIGN KEY ("CINEMA_TYPE_ID")
	  REFERENCES "PROJECT"."CINEMA_TYPE" ("CINEMA_TYPE_ID") ENABLE;
 
  ALTER TABLE "PROJECT"."CINEMA_INFO" ADD CONSTRAINT "FK_THEATER_INFO_TO_CINEMA_INFO" FOREIGN KEY ("THEATER_ID")
	  REFERENCES "PROJECT"."THEATER_INFO" ("THEATER_ID") ENABLE;
--------------------------------------------------------
--  Ref Constraints for Table PAY_INFO
--------------------------------------------------------

  ALTER TABLE "PROJECT"."PAY_INFO" ADD CONSTRAINT "FK_BOOKING_INFO_TO_PAY_INFO" FOREIGN KEY ("BOOKING_ID")
	  REFERENCES "PROJECT"."BOOKING_INFO" ("BOOKING_ID") ENABLE;
 
  ALTER TABLE "PROJECT"."PAY_INFO" ADD CONSTRAINT "FK_NO_U_INFO_TO_PAY_INFO" FOREIGN KEY ("NO_U_ID")
	  REFERENCES "PROJECT"."NO_U_INFO" ("NO_U_ID") ENABLE;
 
  ALTER TABLE "PROJECT"."PAY_INFO" ADD CONSTRAINT "FK_USER_INFO_TO_PAY_INFO" FOREIGN KEY ("USER_ID")
	  REFERENCES "PROJECT"."USER_INFO" ("USER_ID") ENABLE;
--------------------------------------------------------
--  Ref Constraints for Table REPLY_INFO
--------------------------------------------------------

  ALTER TABLE "PROJECT"."REPLY_INFO" ADD CONSTRAINT "FK_MOVIE_INFO_TO_REPLY_INFO" FOREIGN KEY ("MOVIE_ID")
	  REFERENCES "PROJECT"."MOVIE_INFO" ("MOVIE_ID") ENABLE;
 
  ALTER TABLE "PROJECT"."REPLY_INFO" ADD CONSTRAINT "FK_USER_INFO_TO_REPLY_INFO" FOREIGN KEY ("USER_ID")
	  REFERENCES "PROJECT"."USER_INFO" ("USER_ID") ENABLE;
--------------------------------------------------------
--  Ref Constraints for Table SHOW_INFO
--------------------------------------------------------

  ALTER TABLE "PROJECT"."SHOW_INFO" ADD CONSTRAINT "FK_CINEMA_INFO_TO_SHOW_INFO" FOREIGN KEY ("CINEMA_ID")
	  REFERENCES "PROJECT"."CINEMA_INFO" ("CINEMA_ID") ENABLE;
 
  ALTER TABLE "PROJECT"."SHOW_INFO" ADD CONSTRAINT "FK_MOVIE_INFO_TO_SHOW_INFO" FOREIGN KEY ("MOVIE_ID")
	  REFERENCES "PROJECT"."MOVIE_INFO" ("MOVIE_ID") ENABLE;
 
  ALTER TABLE "PROJECT"."SHOW_INFO" ADD CONSTRAINT "FK_THEATER_INFO_TO_SHOW_INFO" FOREIGN KEY ("THEATER_ID")
	  REFERENCES "PROJECT"."THEATER_INFO" ("THEATER_ID") ENABLE;
 
  ALTER TABLE "PROJECT"."SHOW_INFO" ADD CONSTRAINT "FK_TIME_TYPE_TO_SHOW_INFO" FOREIGN KEY ("TIME_TYPE_ID")
	  REFERENCES "PROJECT"."TIME_TYPE" ("TIME_TYPE_ID") ENABLE;
--------------------------------------------------------
--  Ref Constraints for Table USER_INFO
--------------------------------------------------------

  ALTER TABLE "PROJECT"."USER_INFO" ADD CONSTRAINT "FK_DISCNT_SYS_TO_USER_INFO" FOREIGN KEY ("USER_RATING")
	  REFERENCES "PROJECT"."DISCNT_SYS" ("USER_RATING") ENABLE;
